left_benchmark,right_benchmark,median_abs_task_similarity,mean_abs_task_similarity,sampled_left_tasks,sampled_right_tasks
research-code-bench,research-code-bench,0.995429293735804,0.9864715740428781,40,40
humanevalfix,humanevalfix,0.9631143275888712,0.9098305162290705,40,40
mmmlu,research-code-bench,0.9478743844400793,0.9298224882206069,40,40
mmmlu,mmmlu,0.9168814112654293,0.8985331854567781,40,40
kumo,kumo,0.8082903768654759,0.778858227552655,3,3
ineqmath,ineqmath,0.796929671963617,0.791854405734057,40,40
arc-agi-2,arc-agi-2,0.7653116300514708,0.7526760058392498,40,40
lawbench,widesearch,0.7447871979054762,0.6904789023527403,40,1
featbench,swebenchpro,0.7406639418903191,0.7034384545408945,1,40
swebench-verified,widesearch,0.730148215795731,0.6970305059668209,40,1
featbench,gaia2,0.714681948098162,0.6898955216316198,1,40
labbench,labbench,0.6973911798165218,0.6874670741890402,40,40
swebench-verified,swebench-verified,0.6922071976040431,0.6629145985316032,40,40
livecodebench,livecodebench,0.6849322831357323,0.6411681818286318,40,40
humanevalfix,sldbench,0.6765584755427485,0.5882905943273666,40,8
lawbench,lawbench,0.6762521929920354,0.6745184691125733,40,40
kumo,quixbugs,0.6726680186466786,0.6371571079941017,3,40
featbench,featurebench-modal,0.6719471385363815,0.6489141684434893,1,40
compilebench,widesearch,0.6620643541075564,0.6467527888447658,15,1
aider-polyglot,arc-agi-2,0.6604247857270329,0.6429911607966617,40,40
usaco,usaco,0.6575561678989621,0.6543680716393191,40,40
swebenchpro,swebenchpro,0.6550128419184948,0.6333266626988977,40,40
lawbench,swebench-verified,0.653594422619925,0.6221687953198392,40,40
arc-agi-2,hle,0.64612531658575,0.6122245505594077,40,40
sldbench,sldbench,0.6457388724355317,0.5930060675993758,8,8
qcircuitbench,widesearch,0.6447872750266378,0.5612966630963289,25,1
crustbench,featbench,0.6384457822456933,0.5958039102862511,40,1
arc-agi-2,gso,0.6355178194801137,0.6101699436866371,40,40
gso,gso,0.6354200292195892,0.6080265126828749,40,40
featbench,gaia,0.6316628494722871,0.612896555636689,1,40
aider-polyglot,aider-polyglot,0.6298621567828393,0.6121002237885839,40,40
crustbench,crustbench,0.6267696614709519,0.6244159579471376,40,40
quixbugs,quixbugs,0.6267199393086312,0.594346841213432,40,40
arc-agi-2,terminal-bench,0.6221236526984029,0.5821058306176542,40,40
featurebench-modal,featurebench-modal,0.6203279268825543,0.582773463049827,40,40
labbench,mmmlu,0.6152399754701396,0.5702690519439048,40,40
labbench,research-code-bench,0.6126329642911571,0.5665511532912416,40,40
featbench,spreadsheetbench,0.6117846044031878,0.552066155643004,1,40
spreadsheetbench,widesearch,0.6115472087153793,0.5872815732725055,40,1
compilebench,compilebench,0.6104842754276721,0.5864675695445397,15,15
scicode,scicode,0.6085223622498788,0.590189801935466,40,40
sldbench,widesearch,0.6036020952148504,0.5484740096665055,8,1
gaia2,gaia2,0.6029016236896592,0.5882039341883272,40,40
featbench,terminal-bench,0.6015892787669586,0.5527743064104309,1,40
swebench-verified,swebenchpro,0.600099445417207,0.5792018692132871,40,40
hle,hle,0.5983667070628602,0.5668785111608743,40,40
aider-polyglot,featbench,0.5969043804340313,0.5391297515290143,40,1
kumo,lawbench,0.596741723775536,0.6029529018907075,3,40
spreadsheetbench,swebench-verified,0.5956520297397165,0.5683985017700436,40,40
deepsynth,featbench,0.594410257296278,0.5511340502919518,35,1
humanevalfix,quixbugs,0.593931880446208,0.5525328264284197,40,40
compilebench,lawbench,0.5937167703198709,0.5813109733168922,15,40
aider-polyglot,hle,0.5936703162279564,0.5659780454444693,40,40
dacode,featbench,0.592694268691297,0.5114761666859501,40,1
aider-polyglot,gso,0.5901225600560853,0.5683923282413099,40,40
gaia2,swebenchpro,0.5899781727264551,0.5673427880458252,40,40
quixbugs,widesearch,0.58751653331033,0.5427730782434905,40,1
lawbench,sldbench,0.5859787103273864,0.5698575780500759,40,8
crustbench,lawbench,0.5855379618320119,0.5640996267605665,40,40
humanevalfix,lawbench,0.5852211419883269,0.5879325407473726,40,40
lawbench,quixbugs,0.5844212451747683,0.5757788134545864,40,40
compilebench,swebench-verified,0.5824817831710958,0.5726980339256054,15,40
arc-agi-2,spreadsheetbench,0.5773146947699823,0.5579681065753098,40,40
aider-polyglot,terminal-bench,0.5746033064812637,0.5471837996157873,40,40
crustbench,swebenchpro,0.574137331089643,0.5650470862657734,40,40
crustbench,kumo,0.5740865412425445,0.5630191556972168,40,3
featbench,gso,0.5726611348514523,0.5720308691572431,1,40
arc-agi-2,widesearch,0.5724627812718941,0.5603520109149398,40,1
arc-agi-2,featurebench-modal,0.5723009405370639,0.5425438125326013,40,40
livecodebench,usaco,0.5714036337934579,0.5621988736228819,40,40
crustbench,widesearch,0.5712811120654223,0.5112180600958813,40,1
swebench-verified,terminal-bench,0.5686642478341635,0.5354002943535399,40,40
lawbench,scicode,0.5661408744768328,0.5504487721729228,40,40
terminal-bench,widesearch,0.5656739458718956,0.5381592600739605,40,1
featbench,sldbench,0.5655834493560339,0.49662252974267884,1,8
featbench,quixbugs,0.5642297929415809,0.515877975655022,1,40
gso,terminal-bench,0.5633227579464941,0.541133800309677,40,40
swebenchpro,terminal-bench,0.5632765896323932,0.536789286228645,40,40
compilebench,humanevalfix,0.5630171099145846,0.5821614696090561,15,40
gso,swebenchpro,0.5629813859895423,0.5526424698639517,40,40
crustbench,swebench-verified,0.5601717272655498,0.5480361775457905,40,40
spreadsheetbench,spreadsheetbench,0.5597172119244724,0.5358733896843434,40,40
spreadsheetbench,swebenchpro,0.5589893671513448,0.5400432389517361,40,40
lawbench,spreadsheetbench,0.5583833712933532,0.5413422018438786,40,40
terminal-bench,terminal-bench,0.558022872833315,0.5247008313695122,40,40
featbench,medagentbench,0.5567264686401966,0.49164132845201813,1,40
dacode,swebench-verified,0.5557669341104337,0.5516698459321961,40,40
kumo,widesearch,0.5554840842873694,0.5525619039943939,3,1
gaia2,spreadsheetbench,0.554256577877648,0.5227789336710511,40,40
lawbench,swebenchpro,0.5526192044351577,0.5454179376754545,40,40
gso,widesearch,0.5521957514909483,0.5579329233011893,40,1
simpleqa,simpleqa,0.5503993632907215,0.5152282446105917,40,40
aime,featbench,0.5501418760667878,0.5411408622268872,40,1
featurebench-modal,swebenchpro,0.5472988220554913,0.5230656007295224,40,40
compilebench,crustbench,0.5472892075629008,0.5379875382865669,15,40
quixbugs,sldbench,0.5465325251168998,0.5546450472096873,40,8
aider-polyglot,livecodebench,0.5463540803785174,0.5244104190534863,40,40
gso,swebench-verified,0.5458071554611457,0.5385496011985059,40,40
featbench,spider2,0.5455447239337803,0.5292561952838366,1,32
replicationbench,replicationbench,0.5451329528967939,0.5376587592672046,40,40
arc-agi-2,deepsynth,0.5447886656337997,0.5048135844768051,40,35
lawbench,terminal-bench,0.5442835312806498,0.5313808924857515,40,40
gso,spreadsheetbench,0.5433804495237219,0.5280881958409297,40,40
spreadsheetbench,terminal-bench,0.5428419442323598,0.5108602388284634,40,40
crustbench,humanevalfix,0.5417958632336562,0.4997193718146418,40,40
swebenchpro,widesearch,0.5409040127817497,0.5275886792703075,40,1
sldbench,swebench-verified,0.5404700089572134,0.5301378324768304,8,40
gaia2,swebench-verified,0.5401601268785339,0.5186777537559633,40,40
arc-agi-2,swebench-verified,0.5385933884113291,0.5303301119040164,40,40
dacode,widesearch,0.5377774781750109,0.5577581581537241,40,1
featbench,swesmith,0.5377479124743506,0.5355787106483703,1,40
arc-agi-2,replicationbench,0.5374560294887096,0.5343326973589096,40,40
featurebench-modal,gaia2,0.5368695714272074,0.5190299223357081,40,40
featbench,swebench-verified,0.5366484775651961,0.5223219946994254,1,40
algotune,featbench,0.5361377157080554,0.4667897229004609,40,1
gaia2,gso,0.5353843157878788,0.5141152535113993,40,40
hle,terminal-bench,0.5349616070510932,0.5042889999800276,40,40
compilebench,swebenchpro,0.5348787034723608,0.5339508194516824,15,40
featbench,hle,0.5345831280778268,0.5088678449791465,1,40
spider2,swebench-verified,0.5340668108449711,0.5228263352428975,32,40
financeagent_terminal,widesearch,0.5339440010144205,0.5339440010144205,1,1
crmarena,widesearch,0.5324681075973314,0.4741912556489405,40,1
swtbench,widesearch,0.5314964889396693,0.5164599317238057,40,1
dacode,gso,0.5314651114731213,0.5089718711484763,40,40
featurebench-modal,gso,0.5313783295595405,0.5120965985421155,40,40
lawbench,qcircuitbench,0.531123223849485,0.5108975751297804,40,25
dacode,lawbench,0.5295028241191906,0.5182921923807993,40,40
kumo,swebench-verified,0.5290238300029428,0.523859475420272,3,40
dacode,swebenchpro,0.5288660071901807,0.5162112005290804,40,40
aider-polyglot,spreadsheetbench,0.5281226390848932,0.5066128432366158,40,40
featbench,lawbench,0.5280874848821675,0.526827224050735,1,40
featbench,kumo,0.5280732525343164,0.504546886388796,1,3
arc-agi-2,swebenchpro,0.527941043091052,0.5212846629881485,40,40
dacode,spreadsheetbench,0.5275993036580323,0.5116454447265072,40,40
aider-polyglot,swebenchpro,0.525458942726124,0.5100988387601181,40,40
humanevalfix,widesearch,0.5253289956895089,0.546072093976989,40,1
medagentbench,medagentbench,0.5240024607718387,0.5189780305412226,40,40
gso,hle,0.5238549210062329,0.5012475133351189,40,40
crustbench,terminal-bench,0.5235917401136012,0.5036073446291219,40,40
sldbench,swebenchpro,0.5231895828704822,0.50557165606873,8,40
dacode,gaia2,0.5223881781626574,0.49249633783630875,40,40
kumo,medagentbench,0.5217046602090308,0.4883286276518294,3,40
arc-agi-2,gpqa-diamond,0.5191791297819275,0.4969601773805409,40,40
humanevalfix,scicode,0.5168655941912599,0.5088973633713186,40,40
spider2,swebenchpro,0.5166196776421922,0.5144267867905293,32,40
quixbugs,swebenchpro,0.5163819651907321,0.5092172620051433,40,40
featurebench-modal,spreadsheetbench,0.5162885781066582,0.49654003142008846,40,40
arc-agi-2,dacode,0.515671251247823,0.4932240288882194,40,40
research-code-bench,simpleqa,0.5154060995580371,0.4609641621110323,40,40
crustbench,quixbugs,0.5151739993906055,0.5262802174138804,40,40
compilebench,sldbench,0.5143152202556198,0.5247420982185804,15,8
kumo,sldbench,0.513652781858254,0.5511388165037927,3,8
gaia,gaia,0.5123031925602978,0.4884622550162594,40,40
kumo,swebenchpro,0.5117560148317695,0.5098244645210549,3,40
lawbench,spider2,0.5115318018427142,0.4925647274332805,40,32
arc-agi-2,swtbench,0.5108959835509168,0.48890610178242383,40,40
swebenchpro,swtbench,0.5100205286632506,0.4920541062225755,40,40
aider-polyglot,swebench-verified,0.509977287780252,0.5020146855208375,40,40
featurebench-modal,terminal-bench,0.5093250959027374,0.4823164531575119,40,40
quixbugs,swebench-verified,0.5091655739128447,0.4945846478035895,40,40
skillsbench,skillsbench,0.5089098157961427,0.5018112140348563,40,40
swebench-verified,swtbench,0.5085691745038307,0.49040375873567255,40,40
aider-polyglot,featurebench-modal,0.5081882851209982,0.4843027227473252,40,40
compilebench,kumo,0.5070925528371101,0.5008168986583925,15,3
featbench,livecodebench,0.5070133002040385,0.46516783828223474,1,40
lawbench,medagentbench,0.5067831761403672,0.49475260080680317,40,40
gaia2,terminal-bench,0.5059018251090872,0.4812990715839634,40,40
featurebench-modal,hle,0.5058041735364316,0.46972397176904673,40,40
aider-polyglot,deepsynth,0.5055397006213005,0.4863228878144829,40,35
dacode,terminal-bench,0.5050621906062984,0.4786014306850661,40,40
arc-agi-2,skillsbench,0.5043316653689986,0.49971046829955557,40,40
spider2,widesearch,0.5029731919816052,0.47654225093672914,32,1
arc-agi-2,lawbench,0.5024960217903005,0.5137301313286141,40,40
swtbench,swtbench,0.5022956026001544,0.47596912982527956,40,40
arc-agi-2,featbench,0.49924437833410623,0.5040689076783348,40,1
gaia,swebenchpro,0.4989572933613111,0.4866219879559378,40,40
skillsbench,swebenchpro,0.4988207854061373,0.5028115422816787,40,40
financeagent_terminal,swtbench,0.4986022122329322,0.4684154440974112,1,40
deepsynth,gso,0.4972726648431474,0.4745739434908704,35,40
compilebench,quixbugs,0.4967024613875697,0.5018566134674302,15,40
aider-polyglot,lawbench,0.49663047388592446,0.4864067097318259,40,40
swtbench,terminal-bench,0.4959088447770452,0.4674182299708314,40,40
qcircuitbench,swebench-verified,0.49556732142813564,0.4853934741004025,25,40
scicode,widesearch,0.49554313308852577,0.4878271148596873,40,1
arc-agi-2,pixiu,0.49526656217514387,0.4691039996394466,40,40
aider-polyglot,dacode,0.494895760428969,0.4686857675871212,40,40
spider2,spreadsheetbench,0.49477425312535395,0.4790022898808387,32,40
aider-polyglot,gaia2,0.49457853420254716,0.4789223398936028,40,40
compilebench,spreadsheetbench,0.49377106008936245,0.48718908850005316,15,40
spreadsheetbench,swtbench,0.49256557583146,0.4649663511671328,40,40
arc-agi-2,spider2,0.4921325387195714,0.48712191070885263,40,32
crustbench,gso,0.49127055636128036,0.5020944689778805,40,40
lawbench,swtbench,0.49076928360504907,0.4664468947129268,40,40
aider-polyglot,swtbench,0.4906478037797236,0.4647599577127255,40,40
aider-polyglot,crustbench,0.4886657812563663,0.4816048095025282,40,40
featbench,skillsbench,0.48820050401520376,0.4967743578561323,1,40
spider2,terminal-bench,0.4877997218863196,0.47085910801200725,32,40
hle,livecodebench,0.48767841223846764,0.4736801649195199,40,40
crmarena,swebenchpro,0.48710557697844553,0.45396066915928374,40,40
gso,swtbench,0.48706234067878096,0.46517656403156793,40,40
arc-agi-2,livecodebench,0.48704387099397806,0.4751770081433547,40,40
aider-polyglot,replicationbench,0.48639678552160626,0.48102691345042586,40,40
aider-polyglot,gpqa-diamond,0.4855974963512144,0.4644410280502133,40,40
gso,replicationbench,0.48532612801389896,0.4738378564654053,40,40
hle,swebenchpro,0.4852689827795883,0.4658451318474583,40,40
gso,lawbench,0.4849012319193675,0.49443867330165014,40,40
quixbugs,terminal-bench,0.48371050230653256,0.46504228807649967,40,40
gaia2,spider2,0.4833386050887818,0.4649623792713774,40,32
deepsynth,hle,0.4832759971559627,0.4694042877573002,35,40
gso,spider2,0.48322403510196876,0.46701113110613407,40,32
crustbench,spreadsheetbench,0.48320726027194416,0.4724511852753892,40,40
compilebench,featbench,0.48272825953584403,0.48918463429932185,15,1
arc-agi-2,medagentbench,0.48268333518793044,0.47339154125373284,40,40
arc-agi-2,gaia2,0.48218321914368756,0.47728914221902097,40,40
arc-agi-2,qcircuitbench,0.4820083194318153,0.47417690534388107,40,25
sldbench,spreadsheetbench,0.4816352841865008,0.4473273458764897,8,40
hle,spreadsheetbench,0.48112552225203326,0.46153769148287305,40,40
crustbench,gaia2,0.48043167367484113,0.46027297679582874,40,40
arc-agi-2,gaia,0.47995203939244124,0.46840322990796734,40,40
crustbench,sldbench,0.47928202299546674,0.517260617879151,40,8
crmarena,swebench-verified,0.47809733180315994,0.45704737844679444,40,40
featbench,swtbench,0.47742386607211523,0.46923281527344257,1,40
skillsbench,terminal-bench,0.47740993879454907,0.46346793462779473,40,40
gaia2,lawbench,0.47716444380242967,0.47949955877385336,40,40
crustbench,swtbench,0.47685818888367987,0.4602345527254077,40,40
swebench-multilingual,widesearch,0.4767915586804077,0.37919132868896605,3,1
aider-polyglot,spider2,0.4767622717839719,0.4587451998701833,40,32
deepsynth,featurebench-modal,0.47666500678264423,0.4616158441935298,35,40
aider-polyglot,widesearch,0.476294102595181,0.47609617716501473,40,1
hle,replicationbench,0.4749034540456346,0.46783576706769053,40,40
featbench,omnimath,0.47456148739028103,0.45185023834855087,1,40
deepsynth,swebenchpro,0.4733354485273744,0.46503221674116535,35,40
aider-polyglot,quixbugs,0.4726752094769359,0.45363365210293216,40,40
gso,skillsbench,0.4722395863107679,0.469121112909892,40,40
medagentbench,swebench-verified,0.4721464498147136,0.4522764034206237,40,40
financeagent_terminal,swebenchpro,0.47112035800461216,0.45380119525154206,1,40
gaia,hle,0.4710250748715129,0.46204300260711606,40,40
featurebench-modal,medagentbench,0.47094726008365306,0.44204557873228834,40,40
dacode,dacode,0.47000424320210976,0.48427062318988057,40,40
humanevalfix,swebench-verified,0.46991154554686954,0.4654121757909184,40,40
aider-polyglot,skillsbench,0.46936123735844626,0.4616278281248212,40,40
deepsynth,terminal-bench,0.46909436253448683,0.4621070618404294,35,40
crustbench,replicationbench,0.46848962453167325,0.4789972906579203,40,40
compilebench,crmarena,0.4683738908467544,0.4353528056873449,15,40
qcircuitbench,terminal-bench,0.4671962845854003,0.4533407295799209,25,40
featurebench-modal,gaia,0.4671596825510937,0.45592246784811413,40,40
crustbench,featurebench-modal,0.4664430944215268,0.45254474235775066,40,40
featurebench-modal,swebench-verified,0.4660511200212716,0.4506562040206096,40,40
quixbugs,spreadsheetbench,0.4657101502527297,0.44602444237583483,40,40
arc-agi-2,swe-lancer,0.46549902048813185,0.4494658752064917,40,40
gaia2,swtbench,0.465450509012722,0.4424788131741114,40,40
gpqa-diamond,hle,0.46512386123363825,0.45834925862131803,40,40
deepsynth,replicationbench,0.464157230108452,0.45630305834579565,35,40
compilebench,terminal-bench,0.46336824704267165,0.4622562426293452,15,40
mmmlu,simpleqa,0.463345638074983,0.4459534942254856,40,40
hle,swtbench,0.46241253416855743,0.44025960485859267,40,40
featbench,simpleqa,0.4620673244964999,0.48861828129605733,1,40
gso,qcircuitbench,0.46177075039025517,0.4510329152751433,40,25
aime,aime,0.46149079543422566,0.4580498943780108,40,40
aider-polyglot,pixiu,0.461009401006954,0.4462086910385537,40,40
gaia2,widesearch,0.46099997515676305,0.4438699762595972,40,1
aider-polyglot,qcircuitbench,0.460068352810996,0.4540770715504021,40,25
crmarena,lawbench,0.4599007011200122,0.42939087635930606,40,40
swesmith,swesmith,0.4597895751720972,0.4499505006390308,40,40
arc-agi-2,crustbench,0.45900737041981193,0.4593672377235768,40,40
crustbench,deepsynth,0.4587598178340937,0.44991154694187313,40,35
medagentbench,swebenchpro,0.45869021146323763,0.45295732607915457,40,40
gaia,gaia2,0.4585659599134365,0.46087262377182125,40,40
bigcodebench,widesearch,0.45824876960284844,0.4381284045925873,40,1
gaia,terminal-bench,0.45821134925095974,0.4483387583509183,40,40
replicationbench,terminal-bench,0.4580427567162191,0.4547005397930608,40,40
livecodebench,terminal-bench,0.457734134069693,0.43623714247424145,40,40
sldbench,terminal-bench,0.45759984594372427,0.43787403723068696,8,40
gaia2,swesmith,0.4570895993508257,0.44715768836743774,40,40
arc-agi-2,omnimath,0.4569357368348717,0.4256314045742766,40,40
compilebench,spider2,0.456896736963194,0.4669412710562425,15,32
deepsynth,deepsynth,0.45637574442022055,0.44400264753157476,35,35
dacode,featurebench-modal,0.45586180450154734,0.4318799322005566,40,40
qcircuitbench,scicode,0.45574693929919335,0.4395910197980179,25,40
medagentbench,terminal-bench,0.455403527360413,0.44459406003315055,40,40
livecodebench,quixbugs,0.4548281342979157,0.446569552334843,40,40
codepde,codepde,0.4546578041566852,0.38710090204028497,3,3
gaia2,hle,0.45464116562356116,0.4432423436744854,40,40
medagentbench,spreadsheetbench,0.45369789429136154,0.44108089352636026,40,40
labbench,replicationbench,0.4535593635781868,0.44029524009709076,40,40
featurebench-modal,skillsbench,0.4526352117462978,0.4443823693358749,40,40
compilebench,financeagent_terminal,0.4517741069815084,0.44232539957536443,15,1
crmarena,spreadsheetbench,0.4514566191073863,0.44631939929566683,40,40
compilebench,dacode,0.45139016233721796,0.46663792257698145,15,40
featurebench-modal,swtbench,0.4509573579544345,0.4297482597378803,40,40
crustbench,qcircuitbench,0.4508579658741348,0.44651259128448045,40,25
scicode,sldbench,0.45044050687333953,0.4380540418393265,40,8
hle,skillsbench,0.4491965689714007,0.43477882137136853,40,40
gaia2,skillsbench,0.44884664566672583,0.4380738866685641,40,40
deepsynth,gaia2,0.44840534039337376,0.4438221045052853,35,40
crustbench,dacode,0.44800281975445155,0.46254836647783165,40,40
aider-polyglot,gaia,0.44794833675401224,0.44261841557056086,40,40
qcircuitbench,quixbugs,0.4473678828412285,0.447207998057605,25,40
deepsynth,gaia,0.4473483879608118,0.4362381872784408,35,40
qcircuitbench,spreadsheetbench,0.4472896814921191,0.44153191588148516,25,40
quixbugs,scicode,0.4471187722526785,0.43927436216748106,40,40
crustbench,scicode,0.447107109016709,0.4392689865659273,40,40
featbench,swebench-multilingual,0.4468021566707188,0.35517978922909776,1,3
gso,livecodebench,0.44632457900107103,0.4436757948459356,40,40
gaia,medagentbench,0.44620858768496013,0.4393414201136704,40,40
codepde,widesearch,0.44609479651780043,0.4490815123009138,3,1
gso,quixbugs,0.445632648290018,0.44771538860966503,40,40
compilebench,skillsbench,0.4453633390084347,0.45943565065360226,15,40
gaia,gso,0.4453180197261456,0.42613679161626833,40,40
crustbench,skillsbench,0.44527642860027355,0.4667246038781232,40,40
replicationbench,skillsbench,0.4450057046062181,0.44145960447164206,40,40
hle,swebench-verified,0.4448866384961049,0.4307305233846538,40,40
spreadsheetbench,swesmith,0.4447685142131137,0.4258276480784613,40,40
gaia2,sldbench,0.4444056130411725,0.4252620010684024,40,8
gpqa-diamond,livecodebench,0.4439271429552594,0.44250597287931553,40,40
featbench,replicationbench,0.44335916644710155,0.4469636507996656,1,40
dacode,sldbench,0.44331850579296783,0.4565382064882872,40,8
spider2,spider2,0.4432505669061484,0.4551596205988958,32,32
swebenchpro,swesmith,0.44318320548112744,0.4291773987969114,40,40
featurebench-modal,financeagent_terminal,0.44307551707915416,0.4401434897106151,40,1
deepsynth,spreadsheetbench,0.44298583896730404,0.4388325044119308,35,40
replicationbench,swebenchpro,0.44276610475091693,0.4396911226763976,40,40
kumo,terminal-bench,0.4424010765307942,0.4384785858895981,3,40
skillsbench,spreadsheetbench,0.4421279891637754,0.4394078135570536,40,40
financeagent_terminal,spreadsheetbench,0.4415955588119622,0.39437624101247365,1,40
dacode,swtbench,0.4412531149892278,0.4306142601788839,40,40
swebench-multilingual,swebench-verified,0.44101585276948263,0.4027753808591689,3,40
labbench,simpleqa,0.44048401759985534,0.4127224533066976,40,40
gaia2,quixbugs,0.44047573926267913,0.4272898218602862,40,40
featurebench-modal,lawbench,0.4402978976027865,0.4444641568067367,40,40
gso,sldbench,0.4402629703125418,0.429203308662,40,8
crustbench,spider2,0.44003364824876123,0.4691353661931461,40,32
gaia,spreadsheetbench,0.4399771421743872,0.4344556375506417,40,40
featurebench-modal,spider2,0.4394602060256978,0.4332060052565601,40,32
gso,pixiu,0.43918874103599426,0.4226268917430347,40,40
medagentbench,scicode,0.4388200159846287,0.4336153594646072,40,40
gpqa-diamond,replicationbench,0.4385767681420109,0.4285718297157868,40,40
compilebench,gaia2,0.4380655388579948,0.4469615919511616,15,40
scicode,swebench-verified,0.43794955478316355,0.42797961645974836,40,40
crustbench,medagentbench,0.4370865599598417,0.4309806393016495,40,40
arc-agi-2,quixbugs,0.4369413252381914,0.4399826197786386,40,40
financeagent_terminal,gaia2,0.4365864801592523,0.42121675038503714,1,40
crmarena,crmarena,0.4363323903652656,0.45513205317540967,40,40
pixiu,widesearch,0.43602720371187864,0.4068683845454359,40,1
financeagent_terminal,skillsbench,0.43586760309164374,0.41505513581217046,1,40
crmarena,featurebench-modal,0.43583278357969507,0.4197442856276589,40,40
skillsbench,swebench-verified,0.43574617902831814,0.45464535640592124,40,40
crustbench,financeagent_terminal,0.43567757805563645,0.3816639463294328,40,1
hle,lawbench,0.43539250737430546,0.4328634440588971,40,40
labbench,skillsbench,0.434775416410749,0.4298429834522294,40,40
compilebench,gso,0.43459088984396677,0.4490175006731758,15,40
dacode,quixbugs,0.4342253080990026,0.4458355010404961,40,40
deepsynth,swebench-verified,0.4335192618491801,0.43031688764069137,35,40
simpleqa,swebenchpro,0.4334014158219253,0.43632657253020846,40,40
qcircuitbench,qcircuitbench,0.43239949005284617,0.44014187916662695,25,25
arc-agi-2,bixbench,0.4323206628545556,0.4380352311273294,40,39
hle,pixiu,0.43231503472646005,0.4238652406489102,40,40
dacode,hle,0.4319314717623586,0.4133522215416766,40,40
medagentbench,widesearch,0.431922288780368,0.43457988879320375,40,1
hle,spider2,0.4318098438205639,0.42135116918701465,40,32
dacode,spider2,0.4316220185751953,0.4574663256713107,40,32
gpqa-diamond,gpqa-diamond,0.43149898431352884,0.4302242036637129,40,40
crmarena,gaia2,0.431461942652936,0.42106333098486926,40,40
algotune,crustbench,0.4305799424246931,0.42077419562764407,40,40
compilebench,scicode,0.4305338858679707,0.423417852335488,15,40
qcircuitbench,swebenchpro,0.4304292612816417,0.42578563689809207,25,40
aider-polyglot,financeagent_terminal,0.4303501896093467,0.4078553588958872,40,1
featbench,humanevalfix,0.43003385035252656,0.4372087501949423,1,40
aider-polyglot,swe-lancer,0.4298187629865658,0.4226639720054621,40,40
lawbench,reasoning-gym,0.42831999764138207,0.4234266820225979,40,40
crmarena,featbench,0.428194843109314,0.4408800387291145,40,1
sldbench,spider2,0.42814769637609074,0.4551275602556888,8,32
quixbugs,swtbench,0.42801300929353253,0.4123671107373095,40,40
arc-agi-2,crmarena,0.42797503137085346,0.421040094837344,40,40
deepsynth,lawbench,0.42741736765987026,0.4151645305165942,35,40
qcircuitbench,sldbench,0.4268444700514935,0.4293333208658155,25,8
humanevalfix,kumo,0.42683279491835435,0.4293976914826603,40,3
financeagent_terminal,hle,0.4259577428307517,0.3848362534340339,1,40
gso,medagentbench,0.4256766535507043,0.4173590096390102,40,40
gpqa-diamond,terminal-bench,0.4256622899103386,0.4157387665788063,40,40
financeagent_terminal,terminal-bench,0.42561021710238234,0.40109604149438927,1,40
humanevalfix,swebenchpro,0.4254382079726794,0.4356031217777938,40,40
crustbench,hle,0.4248692331769054,0.42019544418217886,40,40
skillsbench,swtbench,0.4243876405182697,0.42217008272524714,40,40
scicode,terminal-bench,0.4242494606481598,0.41326966216347044,40,40
compilebench,swtbench,0.423551124097465,0.4284472969648306,15,40
swebench-verified,swesmith,0.42318056414538713,0.41212165355103736,40,40
compilebench,featurebench-modal,0.4231267930969044,0.43240253197662926,15,40
hle,widesearch,0.42310110868964135,0.397779569114082,40,1
kumo,simpleqa,0.422839365995876,0.4040142045797156,3,40
gaia2,kumo,0.4220020840903744,0.41946987770939054,40,3
humanevalfix,livecodebench,0.4216370213557841,0.4298093079303769,40,40
dacode,qcircuitbench,0.42093006680620426,0.42285425279003286,40,25
featurebench-modal,swesmith,0.4205910736866258,0.40697169609907163,40,40
sldbench,swtbench,0.4204668859941727,0.38653350149382126,8,40
spider2,swtbench,0.42008911805803695,0.40554054492768116,32,40
gso,swesmith,0.4200707494225951,0.40694969491959476,40,40
pixiu,terminal-bench,0.4197546922699211,0.4155818376560792,40,40
algotune,gso,0.4185686705054731,0.4156627907300047,40,40
gaia,lawbench,0.4185293762489739,0.41245578087874335,40,40
aider-polyglot,sldbench,0.41848321564602153,0.3953715458192842,40,8
deepsynth,skillsbench,0.41836482845866413,0.40890931092747523,35,40
crustbench,livecodebench,0.41815173136041206,0.4269098019146337,40,40
hle,medagentbench,0.4181125612442127,0.4108384885433247,40,40
arc-agi-2,swesmith,0.4180522906020486,0.4062482091199567,40,40
humanevalfix,swebench-multilingual,0.417870061221288,0.42539298619994503,40,3
qcircuitbench,swtbench,0.41738489702321907,0.40861119861680173,25,40
financeagent_terminal,swebench-verified,0.41733789335444205,0.3987903882378194,1,40
gso,swe-lancer,0.41730992790555677,0.4115316201952237,40,40
algotune,swebenchpro,0.4168319543538599,0.407522238081054,40,40
featurebench-modal,replicationbench,0.41682409895540706,0.41402203227008305,40,40
financeagent_terminal,usaco,0.4153527785142909,0.3538231143487011,1,40
humanevalfix,usaco,0.4151798501849799,0.4011035862372428,40,40
gaia,swebench-verified,0.41511755264640177,0.4112766893486146,40,40
gpqa-diamond,gso,0.41484925744638035,0.40278173300995035,40,40
crmarena,dacode,0.4135480283353768,0.4067115249137247,40,40
gaia,simpleqa,0.4132019593578915,0.41104742914535763,40,40
featbench,financeagent_terminal,0.4130242598488926,0.4130242598488926,1,1
crmarena,spider2,0.4129123200070909,0.40213345012020507,40,32
hle,omnimath,0.4119412625627946,0.4020216653190372,40,40
crmarena,sldbench,0.41181590358008296,0.37969316060000496,40,8
skillsbench,spider2,0.4117076917274054,0.4288106357588779,40,32
deepsynth,spider2,0.4115575845658439,0.40503417902759875,35,32
featurebench-modal,widesearch,0.41147560391732263,0.427667583814156,40,1
compilebench,qcircuitbench,0.41135642135819067,0.42861119144178883,15,25
arc-agi-2,simpleqa,0.4112729720277364,0.3976563722944211,40,40
dacode,kumo,0.4111662246716378,0.42835714347966647,40,3
kumo,scicode,0.41099745660845,0.4228114737760302,3,40
humanevalfix,qcircuitbench,0.4107739957966084,0.43321467302087363,40,25
gaia2,medagentbench,0.41068907582579084,0.39577849278558347,40,40
dacode,deepsynth,0.41066408865988235,0.40361392535579765,40,35
deepsynth,swtbench,0.41048798041447776,0.40301901852684374,35,40
arc-agi-2,compilebench,0.4102697290285368,0.4292257185041266,40,15
crustbench,gaia,0.40939199567943096,0.4015011060659948,40,40
deepsynth,livecodebench,0.40924893783818705,0.4130290072116806,35,40
featbench,mmau,0.40923780450449754,0.3875681470651828,1,40
aider-polyglot,compilebench,0.4091652561663658,0.4065057036829445,40,15
lawbench,skillsbench,0.4091303161976282,0.4180204059147045,40,40
aider-polyglot,medagentbench,0.40893215004794004,0.4033167983757936,40,40
medagentbench,quixbugs,0.4087631897257378,0.41270288177278475,40,40
hle,quixbugs,0.40858640009726577,0.40076074718058535,40,40
arc-agi-2,financeagent_terminal,0.4084716217627116,0.3932541924662808,40,1
kumo,spreadsheetbench,0.40793542717621206,0.42463592296474256,3,40
hle,qcircuitbench,0.40777254386240613,0.39973783801821816,40,25
quixbugs,spider2,0.40684726871081933,0.437648617317797,40,32
aider-polyglot,swesmith,0.40657373047442713,0.3956244263185296,40,40
dacode,humanevalfix,0.4063584956723351,0.4015315211706419,40,40
pixiu,replicationbench,0.406118935618589,0.3937306381445849,40,40
crustbench,reasoning-gym,0.4060169228697387,0.40383495072956,40,40
scicode,spreadsheetbench,0.40595089970527315,0.39553195414469067,40,40
medagentbench,sldbench,0.40578784947849866,0.40209628978909906,40,8
dacode,swesmith,0.4050671832216259,0.4006838990943008,40,40
medagentbench,spider2,0.40407107292988953,0.4135485567264622,40,32
gso,simpleqa,0.4038709200315471,0.39378805501732095,40,40
aider-polyglot,algotune,0.4036721634793116,0.4095958962702838,40,40
kumo,swtbench,0.40353018698367304,0.40034014472514035,3,40
aider-polyglot,usaco,0.4034295935705131,0.391341834405265,40,40
gaia,swtbench,0.4027834245561573,0.3977710747503797,40,40
replicationbench,swebench-verified,0.40265595008686694,0.3976422144955205,40,40
gaia,spider2,0.4026071401635064,0.4025351774655954,40,32
lawbench,swebench-multilingual,0.4025636613716481,0.36493278415653996,40,3
swe-lancer,terminal-bench,0.4020946406299808,0.39904420976221644,40,40
algotune,sldbench,0.40173587395821025,0.39316830577306894,40,8
reasoning-gym,swebench-verified,0.401735803899632,0.40746243918789654,40,40
algotune,livecodebench,0.40165816815108596,0.4106131071650918,40,40
aime,livecodebench,0.40152747885642903,0.4226649055405723,40,40
swesmith,terminal-bench,0.40152041706673525,0.39352501531029455,40,40
algotune,lawbench,0.40147014697688077,0.3937303054372833,40,40
arc-agi-2,scicode,0.4014166167411334,0.4067066666711077,40,40
pixiu,swebench-verified,0.4012857794262127,0.4033797111723379,40,40
kumo,spider2,0.4009260722956119,0.43991694399703274,3,32
dacode,gaia,0.4004115463924439,0.39236986846367516,40,40
crmarena,terminal-bench,0.40037605630775236,0.39362435945437013,40,40
pixiu,swebenchpro,0.4002923440465731,0.3947250923441487,40,40
deepsynth,medagentbench,0.4002918605402571,0.3965075986099416,35,40
replicationbench,swe-lancer,0.39991228239639376,0.39221673749294483,40,40
arc-agi-2,labbench,0.399440080819635,0.40064359275633465,40,40
featbench,pixiu,0.3993930707316322,0.374954291159165,1,40
algotune,terminal-bench,0.39900210310815254,0.39676146187800554,40,40
crmarena,gso,0.3989142161671625,0.3975199985800482,40,40
lawbench,swe-lancer,0.39881849660699664,0.39875490476351383,40,40
featurebench-modal,swe-lancer,0.39863901460766743,0.38486162011839853,40,40
livecodebench,swebenchpro,0.3974875587866756,0.396061831623481,40,40
spider2,swesmith,0.39719968517881965,0.3974023675809259,32,40
aider-polyglot,bixbench,0.3971054051709123,0.41359982342824375,40,39
replicationbench,spider2,0.39694560418671904,0.39903487979119856,40,32
crustbench,swe-lancer,0.3966191523762358,0.40209214768492635,40,40
bixbench,featbench,0.3965051839459395,0.40664964654310404,39,1
quixbugs,swebench-multilingual,0.3963972110137664,0.3842205050249072,40,3
dacode,medagentbench,0.3961336431001239,0.40051560933142405,40,40
algotune,gaia2,0.3958372629085847,0.38212427979212216,40,40
financeagent_terminal,spider2,0.39583219516743495,0.36143900231046067,1,32
lawbench,pixiu,0.3954600442225215,0.3997932447428967,40,40
hle,swe-lancer,0.3953201151783246,0.3853455078555061,40,40
featurebench-modal,simpleqa,0.3952256246431507,0.3723673341108143,40,40
crmarena,skillsbench,0.395199820806443,0.3878354773586223,40,40
replicationbench,spreadsheetbench,0.39460843771209164,0.38751240739815357,40,40
replicationbench,simpleqa,0.394523038474504,0.38186238988707744,40,40
quixbugs,skillsbench,0.39450591873611673,0.41766034908755967,40,40
gpqa-diamond,lawbench,0.3944719646814377,0.38825359840000817,40,40
aider-polyglot,omnimath,0.39329582997257717,0.3903500850224823,40,40
dacode,skillsbench,0.3932244552343516,0.4064810555550419,40,40
research-code-bench,skillsbench,0.39309839409547387,0.38811844021689734,40,40
financeagent_terminal,lawbench,0.3928946209840469,0.3644185676169743,1,40
featbench,scicode,0.39282426737816867,0.39178740981681276,1,40
humanevalfix,spider2,0.3927922024247862,0.3904433409009832,40,32
medagentbench,swesmith,0.39212786112658254,0.3831720804604997,40,40
deepsynth,gpqa-diamond,0.39161577051913193,0.3957152113595964,35,40
kumo,reasoning-gym,0.3912126075885992,0.38616267050370573,3,40
arc-agi-2,sldbench,0.39098863716746696,0.38184299424666046,40,8
livecodebench,replicationbench,0.3909478566625253,0.4148406194187963,40,40
mmmlu,skillsbench,0.39032620614110525,0.38228593718274767,40,40
swebench-multilingual,swebenchpro,0.38991138643100454,0.3847564848531833,3,40
algotune,quixbugs,0.38952362424909004,0.397335031775728,40,40
livecodebench,qcircuitbench,0.3894544932827503,0.40022050886081223,40,25
swe-lancer,swebench-verified,0.38942381337392407,0.3906931052945437,40,40
bigcodebench,lawbench,0.3889205061343416,0.37494664836944486,40,40
strongreject,strongreject,0.3887315034874089,0.4186857718089061,40,40
aider-polyglot,seal0,0.38869254614661397,0.3890625113253667,40,40
bixbench,replicationbench,0.3886900270979568,0.3930413230550812,39,40
algotune,arc-agi-2,0.3886100488861727,0.39217934365731644,40,40
featbench,gpqa-diamond,0.3883066526920481,0.3741022349851507,1,40
featbench,reasoning-gym,0.38829326860282676,0.36360974528164575,1,40
crustbench,pixiu,0.3881734771962765,0.3954937760754095,40,40
dacode,pixiu,0.3881364626022099,0.3800091797735577,40,40
crmarena,kumo,0.38787464436042723,0.3673166825461282,40,3
featurebench-modal,omnimath,0.38779171089229636,0.37887751307216844,40,40
swe-lancer,widesearch,0.3877763861904937,0.38419131345481744,40,1
aider-polyglot,simpleqa,0.3871228285854195,0.37145176125902524,40,40
gpqa-diamond,swebenchpro,0.38709214462908936,0.371354415570699,40,40
gaia,swesmith,0.387083538063245,0.37939695527631195,40,40
qcircuitbench,spider2,0.3870239993068324,0.390195884634902,25,32
livecodebench,pixiu,0.3869936718574516,0.4127402623125207,40,40
medagentbench,swtbench,0.3867562697457975,0.39159413689078193,40,40
replicationbench,swtbench,0.3866738930102348,0.38071122250415057,40,40
humanevalfix,terminal-bench,0.3865683184420627,0.40119229570923537,40,40
reasoning-gym,terminal-bench,0.38654607370042265,0.3871160506817946,40,40
bixbench,gso,0.38652075808982933,0.3968950390066129,39,40
seal0,simpleqa,0.3859387630999336,0.38420772675424336,40,40
gpqa-diamond,quixbugs,0.3859323675942452,0.38762203547252405,40,40
gaia,replicationbench,0.3857370713920324,0.38302993603079705,40,40
gaia,kumo,0.385690294879218,0.38432580370272723,40,3
reasoning-gym,widesearch,0.38566018383244727,0.3952206374024369,40,1
labbench,swebenchpro,0.3856252280309539,0.3784253837969523,40,40
quixbugs,reasoning-gym,0.38487075648429225,0.38181600850494846,40,40
featbench,seal0,0.3834863389788653,0.3922947447035027,1,40
crustbench,gpqa-diamond,0.3833518613036788,0.3801480666345195,40,40
algotune,featurebench-modal,0.38315623577893054,0.3811555268948355,40,40
bigcodebench,swebench-verified,0.38307975466470956,0.3714522818541387,40,40
crmarena,financeagent_terminal,0.382874409844422,0.3565327596505342,40,1
algotune,widesearch,0.3826812530475612,0.36117466332101955,40,1
gaia,skillsbench,0.38256709352517826,0.3761940595554792,40,40
gaia,quixbugs,0.3824082425925099,0.3717357813057485,40,40
compilebench,medagentbench,0.3822544541118967,0.3826861459060729,15,40
dacode,scicode,0.38209089097767646,0.37512745825548577,40,40
pixiu,spreadsheetbench,0.38156827634246304,0.38772278635980256,40,40
gpqa-diamond,pixiu,0.38136664746764726,0.38697404001362756,40,40
gaia2,simpleqa,0.3813336981918709,0.387811456638542,40,40
hle,simpleqa,0.38104809075302915,0.37080981176979294,40,40
humanevalfix,spreadsheetbench,0.3810249640493437,0.38563478243363475,40,40
scicode,swebenchpro,0.3808724220748809,0.3761719698823851,40,40
lawbench,swesmith,0.38054443783278347,0.39004444400426463,40,40
algotune,hle,0.38023131585943276,0.38157613791323286,40,40
aime,arc-agi-2,0.3801630913189994,0.37717377494248583,40,40
aider-polyglot,kumo,0.3801122507020563,0.39557880904870757,40,3
financeagent_terminal,pixiu,0.3800451458291931,0.34616099946255785,1,40
hle,seal0,0.37965133177989846,0.3809699250716653,40,40
codepde,financeagent_terminal,0.3794040202924546,0.3987966677872678,3,1
aider-polyglot,reasoning-gym,0.3790288136849169,0.3959887990002773,40,40
aider-polyglot,scicode,0.3786065501889325,0.371915402321594,40,40
arc-agi-2,reasoning-gym,0.3785998490919457,0.3900865620653151,40,40
deepsynth,widesearch,0.3782391801863365,0.3576483362203668,35,1
crustbench,mmau,0.3782062755849973,0.386139802712763,40,40
swe-lancer,swebenchpro,0.3780470148375442,0.38465064985752917,40,40
aime,gaia,0.3774578353703185,0.3786025615056857,40,40
gaia,omnimath,0.37742647809121277,0.3778381360456329,40,40
gso,kumo,0.3773553110317461,0.4045520222044881,40,3
simpleqa,terminal-bench,0.3772508579592421,0.37255060622773184,40,40
algotune,deepsynth,0.37688555434021165,0.3802731496332924,40,35
skillsbench,widesearch,0.37673159773353326,0.44442861128145805,40,1
aime,featurebench-modal,0.3766496666128686,0.38106836955803997,40,40
simpleqa,skillsbench,0.37662767282883236,0.36782058120934363,40,40
spreadsheetbench,swe-lancer,0.376466328871883,0.38524263708514694,40,40
bixbench,hle,0.376371294067695,0.39088544780021156,39,40
livecodebench,skillsbench,0.3759591016407525,0.37558475363066374,40,40
arc-agi-2,seal0,0.3754330952744575,0.3759116478253449,40,40
deepsynth,quixbugs,0.3753810674354722,0.3711567275941172,35,40
featbench,swe-lancer,0.37510170432235457,0.39633783131758155,1,40
pixiu,spider2,0.37500684780429555,0.37003484169093326,40,32
hle,scicode,0.37425487332502544,0.37961723456417085,40,40
medagentbench,qcircuitbench,0.37410301053397166,0.38329316226305105,40,25
qcircuitbench,reasoning-gym,0.37400649051488133,0.36672778892797203,25,40
lawbench,mmau,0.37395975499975964,0.3828271725052986,40,40
kumo,qcircuitbench,0.37395264911662934,0.4111452977446307,3,25
gso,omnimath,0.37317746536590557,0.3643342624051187,40,40
codepde,scicode,0.3729682043187562,0.36876042425501177,3,40
dacode,replicationbench,0.3728034707685503,0.3718973957298448,40,40
hle,labbench,0.3726164672130429,0.3751621862269008,40,40
dacode,financeagent_terminal,0.3724638119686721,0.35072256765737136,40,1
reasoning-gym,sldbench,0.372410992889739,0.36478471429639797,40,8
pixiu,qcircuitbench,0.3721234217772379,0.37208226085878926,40,25
gpqa-diamond,spreadsheetbench,0.3721111486848111,0.3802391468718358,40,40
aime,omnimath,0.3720786443863765,0.3882039232848231,40,40
scicode,swtbench,0.37190006033273937,0.3728611865362854,40,40
algotune,swebench-verified,0.3716203491401018,0.36673733360623023,40,40
mmau,scicode,0.3714450038847149,0.37827162396514047,40,40
algotune,replicationbench,0.37127571830611994,0.3696838868079634,40,40
aime,hle,0.37126924592999466,0.3728594382127538,40,40
crmarena,quixbugs,0.37104217523450717,0.3643073417585436,40,40
lawbench,livecodebench,0.3707409003943155,0.3729137555132618,40,40
gaia2,qcircuitbench,0.37063072866749336,0.3647336948340889,40,25
replicationbench,widesearch,0.370520273759693,0.3258467050282231,40,1
algotune,algotune,0.37047833188059154,0.3695989345373305,40,40
deepsynth,qcircuitbench,0.3704763192198121,0.3779152316358362,35,25
deepsynth,swe-lancer,0.37039720779906127,0.3751813148147514,35,40
skillsbench,sldbench,0.3700860043098741,0.39582226181512425,40,8
livecodebench,swtbench,0.3700158002154098,0.365228361275361,40,40
pixiu,swtbench,0.36959920644324146,0.3699520655882943,40,40
medagentbench,replicationbench,0.3692108665356612,0.3800589364256183,40,40
algotune,spreadsheetbench,0.3691043547647479,0.37906347406864443,40,40
pixiu,quixbugs,0.36797949063011615,0.3902449914039532,40,40
aime,gaia2,0.3678291790456155,0.3615625690673033,40,40
bixbench,terminal-bench,0.36738566776967985,0.38982581842674263,39,40
featurebench-modal,quixbugs,0.3672509442134424,0.3752180671880431,40,40
spider2,swe-lancer,0.3667724009989223,0.3608313233517443,32,40
omnimath,omnimath,0.3663807321125544,0.3863873289244825,40,40
gaia2,pixiu,0.36628389102563097,0.36707785620210515,40,40
hle,swesmith,0.3659874809602144,0.36924056368296493,40,40
crmarena,medagentbench,0.36582547417106337,0.37657703833889966,40,40
aider-polyglot,aime,0.36578672346712227,0.37190525428251364,40,40
lawbench,replicationbench,0.3652689559093281,0.38252436092380665,40,40
gpqa-diamond,swebench-verified,0.36526521803707,0.3712911011586179,40,40
gpqa-diamond,skillsbench,0.36519727812348673,0.3611994776591233,40,40
gso,seal0,0.3649662186597443,0.36349440767625624,40,40
algotune,skillsbench,0.36454070430070784,0.35723723567919224,40,40
featbench,research-code-bench,0.3644740435384722,0.38097907346845766,1,40
dacode,gpqa-diamond,0.3641772640693519,0.3556199894728488,40,40
algotune,dacode,0.3640853487971316,0.3650087766352577,40,40
deepsynth,omnimath,0.364021212020027,0.3623223388836286,35,40
bigcodebench,codepde,0.36334835882405625,0.3462755413400253,40,3
replicationbench,seal0,0.36307812507668713,0.36379164385401386,40,40
compilebench,swebench-multilingual,0.3630100734525036,0.3964627820352971,15,3
deepsynth,sldbench,0.3629156538011271,0.3506282933156862,35,8
featurebench-modal,scicode,0.36261209183111937,0.3628058123920027,40,40
sldbench,swesmith,0.36224552294857154,0.36631606163860253,8,40
featurebench-modal,qcircuitbench,0.36208090051102126,0.3551016834287901,40,25
reasoning-gym,swebenchpro,0.3618281080915954,0.3690857982416597,40,40
livecodebench,seal0,0.3615576369823204,0.3612679240394513,40,40
aime,quixbugs,0.36152452953784686,0.3730548746968358,40,40
aime,swebenchpro,0.3611942860347931,0.3662967708977871,40,40
hle,sldbench,0.36112375041751243,0.34621574364972496,40,8
pixiu,sldbench,0.36101048327758833,0.36493905189468867,40,8
quixbugs,swe-lancer,0.3607673304435126,0.3656546951422057,40,40
compilebench,hle,0.36073692128902,0.3558250827836149,15,40
reasoning-gym,scicode,0.36067718760760903,0.3590623680479922,40,40
qcircuitbench,replicationbench,0.36062519412765,0.36796490535479326,25,40
gpqa-diamond,kumo,0.36061824584834323,0.36227784660999846,40,3
bixbench,swebenchpro,0.36049363885906605,0.39190212241308103,39,40
aime,gso,0.36048540165839293,0.36123859884094456,40,40
gso,scicode,0.3600960312064074,0.3598725427712742,40,40
crmarena,swesmith,0.3598825680090605,0.35259607919369224,40,40
financeagent_terminal,quixbugs,0.35976671773785707,0.3479155363640639,1,40
algotune,qcircuitbench,0.35900252614926875,0.3631876932179602,40,25
financeagent_terminal,qcircuitbench,0.3589459960144793,0.3076524957761821,1,25
bixbench,crustbench,0.35881932772314734,0.3847999898419624,39,40
crmarena,swtbench,0.3585147418960539,0.3605727384189948,40,40
bigcodebench,compilebench,0.3584854637759274,0.35183515291340545,40,15
omnimath,terminal-bench,0.35825320715684683,0.3596300880207346,40,40
livecodebench,spreadsheetbench,0.3581960376481932,0.35283193527802054,40,40
deepsynth,simpleqa,0.35798264226601456,0.35709005693407453,35,40
financeagent_terminal,mmau,0.3577886921097292,0.3554906934001941,1,40
gaia,gpqa-diamond,0.35771710787444067,0.3699803461245788,40,40
crmarena,gaia,0.3574410999755657,0.35723325691457275,40,40
featurebench-modal,livecodebench,0.3570488463189351,0.3476758098972516,40,40
dacode,swe-lancer,0.35671557075623195,0.3634746830570195,40,40
bixbench,gpqa-diamond,0.3565993297796164,0.3613110070060027,39,40
simpleqa,spider2,0.3565384244009474,0.3556951851460763,40,32
gaia2,livecodebench,0.35646844177226067,0.35593605301177095,40,40
crmarena,crustbench,0.3561686313002561,0.36307508150493234,40,40
financeagent_terminal,gso,0.3560227640316376,0.34557309367332234,1,40
qcircuitbench,skillsbench,0.35601439258485307,0.36932613073418463,25,40
pixiu,skillsbench,0.35571585615768,0.35466109651891997,40,40
swesmith,widesearch,0.3556677333422835,0.34044534867919385,40,1
livecodebench,omnimath,0.35561335496541924,0.36756825478773175,40,40
skillsbench,swe-lancer,0.35547772681810974,0.35719719758433394,40,40
codepde,mmmlu,0.3554616155985206,0.34438230962188776,3,40
featbench,qcircuitbench,0.3552687396258293,0.3671277306296167,1,25
featurebench-modal,pixiu,0.3550310123032594,0.35312628413920116,40,40
algotune,scicode,0.3547682977967009,0.35537680748199824,40,40
arc-agi-2,kumo,0.3547550543753021,0.36139831577328524,40,3
codepde,research-code-bench,0.3544071683503543,0.33651972599014535,3,40
quixbugs,usaco,0.35422707280769283,0.35745623023005607,40,40
deepsynth,pixiu,0.35407987190034085,0.3673441208219931,35,40
reasoning-gym,spreadsheetbench,0.3540463880428433,0.3701872496077663,40,40
kumo,swebench-multilingual,0.3540302958247179,0.3402894446192599,3,3
gaia2,swe-lancer,0.35386758574820554,0.35783825004254277,40,40
algotune,swtbench,0.3538396865976632,0.3559378412266491,40,40
featurebench-modal,sldbench,0.3537739943715268,0.3699451762430691,40,8
humanevalfix,mmau,0.35370868271454325,0.38586643346864236,40,40
gpqa-diamond,qcircuitbench,0.35327222519644197,0.3672132157809229,40,25
pixiu,pixiu,0.35276631107501827,0.3668385735891615,40,40
livecodebench,sldbench,0.35205754594849414,0.3401553505029936,40,8
replicationbench,sldbench,0.3518575241207182,0.3572583795729959,40,8
algotune,compilebench,0.3516020535651958,0.34824092955069214,40,15
crustbench,labbench,0.35158887911799075,0.3564964548641021,40,40
omnimath,replicationbench,0.3514776732964015,0.34742312263552905,40,40
dacode,reasoning-gym,0.35130575513621176,0.35478647796265067,40,40
medagentbench,swe-lancer,0.35128480687746666,0.3537493237076868,40,40
gpqa-diamond,spider2,0.35100069073436196,0.35635860853466583,40,32
deepsynth,scicode,0.3509911275780706,0.3564978435416738,35,40
gaia,sldbench,0.35055178938059917,0.3520584838929735,40,8
financeagent_terminal,livecodebench,0.34993827831074203,0.32894363421153505,1,40
gso,reasoning-gym,0.3498136030657143,0.36900913884618347,40,40
bixbench,skillsbench,0.3495602969093622,0.36129043823207313,39,40
labbench,terminal-bench,0.3494066399199622,0.35619162851099984,40,40
featurebench-modal,gpqa-diamond,0.3493307535039366,0.341578354094939,40,40
featurebench-modal,reasoning-gym,0.3490785441165499,0.3440275024768361,40,40
gpqa-diamond,swe-lancer,0.348830364301441,0.3565158197758491,40,40
gpqa-diamond,swtbench,0.3486085311684458,0.3510913116835861,40,40
codepde,lawbench,0.3483981055162867,0.41692527551298436,3,40
dacode,livecodebench,0.3483864285381794,0.34623228533839706,40,40
kumo,swe-lancer,0.3479748329234319,0.35781026858062265,3,40
gpqa-diamond,medagentbench,0.34738958200880177,0.3567669421953194,40,40
livecodebench,swe-lancer,0.34676377791517454,0.3592932575576647,40,40
quixbugs,replicationbench,0.3466955424106508,0.3697066136268714,40,40
financeagent_terminal,kumo,0.3464101615137754,0.31622821090200515,1,3
aider-polyglot,humanevalfix,0.3463992727883579,0.35153919272205286,40,40
scicode,spider2,0.3458926056683773,0.34641034493739986,40,32
gaia2,scicode,0.34543288842205294,0.34067309844550747,40,40
gpqa-diamond,scicode,0.34530897352136025,0.3523578162688755,40,40
humanevalfix,reasoning-gym,0.3446985779834197,0.32833297566356395,40,40
bixbench,financeagent_terminal,0.34454092941446796,0.32289857860543636,39,1
qcircuitbench,swe-lancer,0.34423411369717566,0.3670303285710253,25,40
aime,terminal-bench,0.34404969216603515,0.3525708239413929,40,40
crustbench,simpleqa,0.34404188316742457,0.3471132896327495,40,40
medagentbench,simpleqa,0.34402757798588746,0.35427948375249907,40,40
compilebench,deepsynth,0.3439769118869858,0.35489295069864585,15,35
hle,kumo,0.3438859122043704,0.3468951230222051,40,3
labbench,seal0,0.34333398293253287,0.34675150773680596,40,40
medagentbench,pixiu,0.3427856816066739,0.3494440267397802,40,40
codepde,kumo,0.34277850447281716,0.30435201526762934,3,3
codepde,humanevalfix,0.3427785044728171,0.4836594794579771,3,40
gpqa-diamond,omnimath,0.342678141998894,0.3580008203337013,40,40
bigcodebench,sldbench,0.34232182205448036,0.3390879026903932,40,8
bixbench,lawbench,0.3420979087435057,0.37425821358281536,39,40
financeagent_terminal,sldbench,0.3419996215881451,0.30932906957345174,1,8
aider-polyglot,crmarena,0.34183596284098555,0.34971387499954515,40,40
livecodebench,scicode,0.34164127571749203,0.34362422671716675,40,40
gaia,widesearch,0.34157172204375486,0.3192612441517021,40,1
compilebench,replicationbench,0.34110132461234177,0.35603575916653557,15,40
compilebench,swe-lancer,0.34066429561343936,0.3493137862251197,15,40
bigcodebench,crustbench,0.3405999494002391,0.33651988874858785,40,40
qcircuitbench,usaco,0.34018412967237577,0.35074882483247166,25,40
scicode,swe-lancer,0.33984679005993756,0.34279753910515737,40,40
algotune,gpqa-diamond,0.33979393432093163,0.35060565477936684,40,40
livecodebench,swebench-multilingual,0.3396793092724226,0.3375338519064613,40,3
swe-lancer,swtbench,0.33963992742576943,0.35323054408508225,40,40
gaia2,replicationbench,0.33963035854725576,0.3426075125346658,40,40
crmarena,humanevalfix,0.3395678486430639,0.33517872447507285,40,40
quixbugs,simpleqa,0.3387496133833613,0.3431145239024536,40,40
gaia,seal0,0.33873092226340074,0.35502499456453196,40,40
bixbench,labbench,0.3386735606951098,0.3393547611590852,39,40
omnimath,swebenchpro,0.3381852875200495,0.3406221323086935,40,40
reasoning-gym,spider2,0.3381525636532827,0.3510621670621251,40,32
bigcodebench,dacode,0.338011465137778,0.3433154969470811,40,40
deepsynth,swesmith,0.33799596244555374,0.34597600883989554,35,40
bigcodebench,spreadsheetbench,0.33790248478079243,0.34677224783084826,40,40
gaia,scicode,0.3370575282086089,0.34663488219084415,40,40
financeagent_terminal,swe-lancer,0.3368635752782837,0.3117527944371769,1,40
algotune,kumo,0.33683111095174134,0.3581705542639517,40,3
gaia2,mmau,0.33667134811726696,0.34754830012551835,40,40
aime,deepsynth,0.3366505446476624,0.35483931597457763,40,35
compilebench,gaia,0.3362212086393225,0.3383020855960806,15,40
reasoning-gym,swtbench,0.33617321279687995,0.34881228279311116,40,40
seal0,seal0,0.33612715301504636,0.34703738156544117,40,40
crustbench,swesmith,0.3359605899887232,0.3397193239196074,40,40
algotune,spider2,0.3359380214885685,0.34673617033945636,40,32
compilebench,reasoning-gym,0.3358084368067178,0.3496569793063502,15,40
deepsynth,seal0,0.33468718150741567,0.34503619555008996,35,40
mmau,sldbench,0.33458428470254953,0.3554903018569656,40,8
aider-polyglot,mmau,0.3345448297214986,0.34028537673697407,40,40
swe-lancer,swe-lancer,0.33453253391619775,0.3430780742520409,40,40
algotune,pixiu,0.33420878276808486,0.3496397558470047,40,40
bixbench,livecodebench,0.3341095279496491,0.3649072486346143,39,40
crmarena,hle,0.33408590882590977,0.33599910089468965,40,40
crmarena,qcircuitbench,0.3339797315291776,0.3311234930913048,40,25
livecodebench,reasoning-gym,0.3339562870037023,0.34518656969193384,40,40
bixbench,spreadsheetbench,0.33379489050173095,0.3649936078647341,39,40
simpleqa,spreadsheetbench,0.333406097812184,0.3456125756336098,40,40
hle,usaco,0.3333809408044054,0.34274269854882405,40,40
simpleqa,swtbench,0.3333297096053657,0.33310127813921314,40,40
seal0,terminal-bench,0.3331676523105326,0.34616909759155234,40,40
pixiu,swe-lancer,0.3324868285998187,0.3445337093234934,40,40
terminal-bench,usaco,0.33224376611794926,0.3352250694242768,40,40
aider-polyglot,labbench,0.33188332956419153,0.34213793016454813,40,40
gaia2,humanevalfix,0.3314679546816489,0.3284056455820575,40,40
bigcodebench,humanevalfix,0.3310716788443357,0.34597059715799516,40,40
mmau,terminal-bench,0.33104292669626967,0.34700903579044506,40,40
sldbench,swe-lancer,0.3309879212124782,0.3393212434177382,8,40
spider2,swebench-multilingual,0.3309522206362281,0.36442662346891574,32,3
bixbench,deepsynth,0.33084218807132454,0.3578396325414264,39,35
gpqa-diamond,labbench,0.3307759953962486,0.33460484730407275,40,40
deepsynth,kumo,0.33069827218817555,0.3439778179101059,35,3
seal0,swebenchpro,0.33068492332032184,0.34864970616863533,40,40
bixbench,swebench-verified,0.3306844102888469,0.3719489556212324,39,40
mmau,swebench-verified,0.3304897227214659,0.3517485049535415,40,40
crmarena,deepsynth,0.3303572756336707,0.3345810596826654,40,35
quixbugs,swesmith,0.3303278445424161,0.3364089972337818,40,40
gaia2,omnimath,0.3302232544894659,0.3374697995915939,40,40
gso,labbench,0.33004207246743644,0.32375873798558286,40,40
codepde,mmau,0.33002550937108266,0.3396306089575513,3,40
hle,reasoning-gym,0.3300045055165042,0.3605386366099949,40,40
medagentbench,omnimath,0.3297095078842788,0.3421932622859677,40,40
algotune,humanevalfix,0.32935142357542757,0.35423009301028996,40,40
deepsynth,financeagent_terminal,0.32924512292035446,0.32466321990416125,35,1
gaia,livecodebench,0.328909115754922,0.33649028585501456,40,40
bigcodebench,quixbugs,0.3281650616569468,0.3289770881623651,40,40
codepde,qcircuitbench,0.32815084126924243,0.3454627650501298,3,25
compilebench,pixiu,0.3279591084800182,0.34326372835953584,15,40
gaia2,gpqa-diamond,0.3277320709604865,0.34294098810602286,40,40
gaia,qcircuitbench,0.3274940553869994,0.3346892701895876,40,25
pixiu,usaco,0.3274370674567822,0.33920068467965736,40,40
gpqa-diamond,seal0,0.3272471671828556,0.3351169414940611,40,40
algotune,medagentbench,0.3270417338186394,0.32368830454952585,40,40
spreadsheetbench,swebench-multilingual,0.3269050948880853,0.35140253334991134,40,3
algotune,gaia,0.326683592062589,0.34359999058155066,40,40
kumo,skillsbench,0.3266692357783539,0.3860065579511802,3,40
mmau,swebenchpro,0.32625027354795144,0.35226263629459176,40,40
compilebench,swesmith,0.32622066319481446,0.3397809127115616,15,40
financeagent_terminal,labbench,0.3258707414571099,0.3072103375071366,1,40
featbench,mmmlu,0.32527058001234654,0.3329581006457841,1,40
compilebench,mmau,0.3252347197351897,0.34926650080050037,15,40
featurebench-modal,mmau,0.325062384544581,0.3397853901996071,40,40
dacode,simpleqa,0.3246767387048195,0.3314260035785891,40,40
bixbench,gaia,0.3241630716048792,0.34419074689704665,39,40
medagentbench,reasoning-gym,0.32382608763150744,0.3403054940907177,40,40
gpqa-diamond,usaco,0.32360320598023495,0.3348447556529707,40,40
kumo,pixiu,0.3232741539337992,0.36059611999462765,3,40
financeagent_terminal,gaia,0.32318451527561687,0.318602500711377,1,40
bixbench,pixiu,0.3231216577360725,0.34431235441079205,39,40
codepde,crustbench,0.32280524824994594,0.34481294421559106,3,40
livecodebench,spider2,0.3224749921494507,0.3341381772733551,40,32
gaia,pixiu,0.3223281770416563,0.3349696332139886,40,40
bixbench,swtbench,0.3217977268488687,0.34520517366601894,39,40
pixiu,scicode,0.32177006553351994,0.33627568620223136,40,40
kumo,livecodebench,0.32157443611243014,0.3370139286163491,3,40
algotune,mmau,0.32093793775593327,0.3349983924268627,40,40
swebench-multilingual,swtbench,0.32090042790770607,0.2983516569524295,3,40
bigcodebench,financeagent_terminal,0.3208327162174598,0.32855646995964183,40,1
compilebench,labbench,0.32072785337650794,0.3199562666405344,15,40
reasoning-gym,replicationbench,0.3204189347639251,0.3288531632043128,40,40
skillsbench,swesmith,0.32039525398453167,0.32256746590498325,40,40
featurebench-modal,kumo,0.3201126136095208,0.3292401386138301,40,3
arc-agi-2,strongreject,0.3200835062981314,0.33277121768546186,40,40
gaia2,reasoning-gym,0.32002900912126264,0.33825846728321907,40,40
gaia2,swebench-multilingual,0.3199503094935493,0.3209135147904069,40,3
omnimath,spreadsheetbench,0.3196979571362945,0.3380680130937273,40,40
bixbench,spider2,0.31947288547872965,0.35632228781191827,39,32
mmau,swtbench,0.3191194030209711,0.337311340065654,40,40
bixbench,dacode,0.3190540045218404,0.35631688056530714,39,40
bixbench,quixbugs,0.3190422601819357,0.3722658300234996,39,40
gpqa-diamond,reasoning-gym,0.319003331626407,0.33907759667295473,40,40
crmarena,labbench,0.3189397088761944,0.331843105612794,40,40
labbench,quixbugs,0.3189379728222292,0.32146501121294757,40,40
bigcodebench,gso,0.31891379601893977,0.33320660853543305,40,40
deepsynth,reasoning-gym,0.3189012428912066,0.3436687862442241,35,40
aime,lawbench,0.3182247234598108,0.33724052908181756,40,40
reasoning-gym,skillsbench,0.3180934110381449,0.3278071007390439,40,40
medagentbench,skillsbench,0.31776634134814163,0.3359369536864151,40,40
labbench,spider2,0.31746832246951334,0.3205665964144169,40,32
labbench,pixiu,0.3171613714800695,0.31634088446735054,40,40
featbench,labbench,0.3171431120356717,0.3291472134190201,1,40
gso,humanevalfix,0.3170135682250605,0.3412660480632708,40,40
swebench-multilingual,swesmith,0.31685054175680605,0.3389075074457673,3,40
mmau,mmau,0.3167349293963923,0.3336717289390428,40,40
aime,medagentbench,0.3165156585109863,0.3241227404276848,40,40
omnimath,swesmith,0.3164599651274158,0.33467518082837344,40,40
humanevalfix,swtbench,0.3161875042663235,0.3230102598044461,40,40
replicationbench,scicode,0.3161261687790641,0.3272292407966331,40,40
arc-agi-2,usaco,0.3160255315864473,0.3209903880026367,40,40
bixbench,qcircuitbench,0.3158621018399183,0.3434439133165562,39,25
gpqa-diamond,sldbench,0.31558869798608635,0.3189256996279238,40,8
bixbench,gaia2,0.3153364873922808,0.3401588564447166,39,40
algotune,swe-lancer,0.3149020463688603,0.3328956354751523,40,40
algotune,financeagent_terminal,0.3143634224149938,0.3092220647674405,40,1
gso,mmau,0.31427687184363984,0.3339761047481353,40,40
aime,swesmith,0.31404567179704335,0.314234332082349,40,40
bixbench,featurebench-modal,0.3140438877067501,0.3333285134994031,39,40
mmau,spreadsheetbench,0.3139831060298172,0.3422447136299027,40,40
mmau,widesearch,0.31349762782619583,0.35538758957948646,40,1
omnimath,spider2,0.31331076506198413,0.31996374654426035,40,32
simpleqa,sldbench,0.3130787857368799,0.3136662801274569,40,8
livecodebench,mmau,0.3128838865323867,0.3313856616780572,40,40
codepde,usaco,0.3125906765397424,0.31976123956772445,3,40
gso,swebench-multilingual,0.31256755635754907,0.31255820084849933,40,3
bigcodebench,swebenchpro,0.31237498509096306,0.3227986192696723,40,40
mmau,qcircuitbench,0.31218174419228834,0.3334320637219931,40,25
bixbench,swe-lancer,0.3119771878137718,0.32727231349033953,39,40
bixbench,sldbench,0.31166097881051696,0.3531101533222565,39,8
aime,spreadsheetbench,0.31154209672899946,0.3285850568630858,40,40
kumo,seal0,0.3113998022552561,0.30847991181253487,3,40
simpleqa,swebench-verified,0.31088791846062014,0.3232368680450348,40,40
bigcodebench,qcircuitbench,0.3107734935455586,0.3228604015869015,40,25
algotune,bixbench,0.31027418981747423,0.3303191379939164,40,39
aime,algotune,0.3102676317622053,0.32754217213633924,40,40
algotune,usaco,0.30997063218439636,0.32679416252923604,40,40
pixiu,seal0,0.30921085705278994,0.3211052205660414,40,40
mmau,quixbugs,0.3087828323615949,0.3458883112710753,40,40
swesmith,swtbench,0.3081309335437902,0.31971983944218946,40,40
bixbench,simpleqa,0.3077974763557861,0.32485710500140175,39,40
bigcodebench,terminal-bench,0.3077964859055985,0.32347288529511564,40,40
aime,scicode,0.307446949779272,0.32855146124381357,40,40
simpleqa,swesmith,0.3068363589433179,0.3181349881969568,40,40
omnimath,simpleqa,0.3066580647352709,0.3172458756849617,40,40
featbench,widesearch,0.3064926245548198,0.3064926245548198,1,1
aime,gpqa-diamond,0.3061834285797365,0.3273491681404529,40,40
algotune,reasoning-gym,0.30567142571702866,0.3247225431766834,40,40
gaia,swe-lancer,0.3055607315228872,0.32602801873518145,40,40
bigcodebench,gaia2,0.3054260315695059,0.32501644563205573,40,40
humanevalfix,skillsbench,0.3053910828984252,0.33874781914602836,40,40
pixiu,reasoning-gym,0.3052703011318014,0.33410835670761097,40,40
bixbench,medagentbench,0.30513489127257915,0.33036795770580596,39,40
compilebench,livecodebench,0.3042982835064547,0.3007473491533656,15,40
pixiu,swesmith,0.3042341416911991,0.31607578575529177,40,40
gpqa-diamond,widesearch,0.30406432897413965,0.33126982322978543,40,1
aime,usaco,0.30355352447130135,0.319622666825862,40,40
codepde,swebench-multilingual,0.30341125481869274,0.28373015232946425,3,3
gpqa-diamond,simpleqa,0.30331053350009984,0.3109461881584652,40,40
crustbench,seal0,0.30292213401929224,0.3175643245562029,40,40
pixiu,simpleqa,0.30265678627629927,0.3125977739025746,40,40
omnimath,quixbugs,0.30240411860728894,0.32271143222551646,40,40
sldbench,swebench-multilingual,0.30202630369555916,0.37737427806315677,8,3
hle,mmau,0.3014641770615142,0.3187383298179056,40,40
aider-polyglot,swebench-multilingual,0.30113175841487017,0.3082116250362612,40,3
bixbench,scicode,0.3002820812031207,0.31971416397525987,39,40
kumo,labbench,0.3000120309169257,0.3082989536129909,3,40
bixbench,omnimath,0.2999180679993053,0.31051977379151896,39,40
swtbench,usaco,0.29990153642178424,0.3032193588351075,40,40
swebench-multilingual,terminal-bench,0.29945710321097385,0.32298857287507143,3,40
algotune,swesmith,0.2993403853076509,0.3106530885619431,40,40
dacode,mmau,0.29902496137480605,0.3338235969209869,40,40
aime,dacode,0.29901453801289646,0.30578247355246513,40,40
lawbench,omnimath,0.29887708429575116,0.31759288190383683,40,40
kumo,swesmith,0.29855560468160036,0.3069293543137573,3,40
bigcodebench,spider2,0.2984620800610768,0.31236546876217963,40,32
crmarena,research-code-bench,0.29821002598961355,0.3183889981111726,40,40
arc-agi-2,mmau,0.2981138325409882,0.3168389798418384,40,40
omnimath,pixiu,0.29778404809033443,0.31708322400117434,40,40
ineqmath,scicode,0.29753881115767766,0.2966158061014287,40,40
dacode,omnimath,0.29742446102743453,0.3068040806767109,40,40
crmarena,replicationbench,0.29727169279815324,0.3022706649932388,40,40
bigcodebench,swtbench,0.29724635544976186,0.306753093169611,40,40
labbench,livecodebench,0.29633796546636526,0.31222398328573664,40,40
aider-polyglot,strongreject,0.2961611111032132,0.32480790663243225,40,40
codepde,quixbugs,0.29579893900163556,0.3323567542293821,3,40
arc-agi-2,bigcodebench,0.29564699044063875,0.3234012174793797,40,40
aime,crustbench,0.29516962136528924,0.3283994751926043,40,40
bixbench,seal0,0.2944908240989878,0.31199510301121364,39,40
kumo,replicationbench,0.29429891588147716,0.3377489554018279,3,40
reasoning-gym,usaco,0.29414909833150904,0.3111475654967268,40,40
financeagent_terminal,reasoning-gym,0.29373095030329033,0.3346541294340433,1,40
qcircuitbench,swebench-multilingual,0.2933381726155536,0.3042874306267709,25,3
mmau,reasoning-gym,0.29312215360118266,0.3155428945189129,40,40
aider-polyglot,bigcodebench,0.2930636642638901,0.319366194721314,40,40
qcircuitbench,swesmith,0.29292981189590167,0.30427738507797925,25,40
financeagent_terminal,swebench-multilingual,0.2929016743495564,0.2774881623488521,1,3
gpqa-diamond,strongreject,0.2927750064633565,0.3002096318062135,40,40
financeagent_terminal,swesmith,0.2926415434249663,0.29270816474127914,1,40
bfcl,featbench,0.2926293939593905,0.32155298303647306,40,1
kumo,mmau,0.29254057835595315,0.3438280126209212,3,40
hle,strongreject,0.2924295900378322,0.31065496025342737,40,40
gaia,reasoning-gym,0.2924033490861169,0.3177405311815777,40,40
aime,replicationbench,0.2922303547294297,0.30462674215366436,40,40
financeagent_terminal,simpleqa,0.29220436782420545,0.2942719859503885,1,40
reasoning-gym,swe-lancer,0.29196355998637535,0.3221008277103117,40,40
crmarena,mmmlu,0.29186463517594263,0.31662878076065176,40,40
omnimath,skillsbench,0.2916835078811474,0.2976980220201134,40,40
featbench,usaco,0.2915211301488417,0.28263810312886506,1,40
bigcodebench,kumo,0.29113550602821686,0.30376245789620004,40,3
crmarena,scicode,0.2911140037745268,0.30164988095167994,40,40
labbench,swtbench,0.29079259532369617,0.29206344510326265,40,40
hle,humanevalfix,0.29078643717590164,0.28219884549470886,40,40
gaia2,seal0,0.2905385103526716,0.3149346380636746,40,40
reasoning-gym,reasoning-gym,0.29020780638820887,0.32518328637380384,40,40
crmarena,swe-lancer,0.2900584386526319,0.29839835592511865,40,40
seal0,skillsbench,0.28991198434019816,0.3066950244101192,40,40
medagentbench,mmau,0.2898306869865181,0.3153562580929626,40,40
gaia,mmmlu,0.28933334160109386,0.325576773185109,40,40
quixbugs,seal0,0.28898949756965336,0.3030155910187881,40,40
bixbench,reasoning-gym,0.28848545342006615,0.31391414209416824,39,40
aime,sldbench,0.2884605383376596,0.31925494472034704,40,8
usaco,widesearch,0.2883513996063306,0.28333904292849577,40,1
deepsynth,labbench,0.28830521872592274,0.2975582545794884,35,40
dacode,swebench-multilingual,0.2882200614914515,0.32754429050172446,40,3
gso,usaco,0.2881686590815204,0.294578783230835,40,40
humanevalfix,swe-lancer,0.28813236164458805,0.29312525111654614,40,40
algotune,omnimath,0.2880295716410966,0.313601465283936,40,40
swebench-multilingual,usaco,0.28802103170286464,0.2889020328498482,3,40
skillsbench,swebench-multilingual,0.2877055052445601,0.2952216993576616,40,3
arc-agi-2,humanevalfix,0.28733610010364624,0.31564556573296754,40,40
seal0,spider2,0.28719736582434346,0.30569713311348884,40,32
omnimath,seal0,0.2870110903514996,0.3071065956781696,40,40
deepsynth,mmau,0.28685555315438854,0.3175113204214442,35,40
gaia,labbench,0.28672946353703654,0.29976280444077685,40,40
aime,simpleqa,0.28666686922905465,0.30616730828646566,40,40
bigcodebench,scicode,0.2866078864363548,0.3037400207911318,40,40
humanevalfix,pixiu,0.2861715401954347,0.3119035261309057,40,40
omnimath,scicode,0.28566090086088236,0.30570026990100074,40,40
codepde,spreadsheetbench,0.28522508921177037,0.3112443659376886,3,40
codepde,compilebench,0.2851124011492332,0.3603292294601583,3,15
algotune,crmarena,0.2850971374260503,0.30055085508151796,40,40
livecodebench,swebench-verified,0.28421310828364366,0.3120119835486291,40,40
omnimath,qcircuitbench,0.28397885304836223,0.2976590720310768,40,25
bixbench,compilebench,0.28358023960041623,0.337456892392696,39,15
bixbench,crmarena,0.2833522968354799,0.3066876854541333,39,40
featurebench-modal,labbench,0.2832318926336921,0.2941757249718553,40,40
livecodebench,simpleqa,0.2832193309239094,0.292129479016366,40,40
aime,swtbench,0.2824748686876055,0.2920457431566221,40,40
bixbench,bixbench,0.28200696935213954,0.32610235243518193,39,39
compilebench,gpqa-diamond,0.2818027921710457,0.29502392347770184,15,40
crmarena,pixiu,0.28117843533964804,0.2961849845713614,40,40
strongreject,widesearch,0.28115228348137894,0.33504967384574497,40,1
lawbench,usaco,0.28109792245591847,0.28495236176953675,40,40
humanevalfix,medagentbench,0.28044603429910187,0.2899445654483279,40,40
mmau,replicationbench,0.2803758657107027,0.3010089911980285,40,40
omnimath,swe-lancer,0.28025304168570697,0.2963297202974273,40,40
codepde,reasoning-gym,0.2799084450542834,0.2902203305478544,3,40
bigcodebench,pixiu,0.2797383663693145,0.29973840417260433,40,40
crustbench,usaco,0.27971340483276763,0.2955587021598433,40,40
mmau,usaco,0.2796524317879479,0.2974715144820142,40,40
mmau,swe-lancer,0.27901780529806963,0.3050487978374145,40,40
scicode,skillsbench,0.2790115247494631,0.30003941793470795,40,40
humanevalfix,swesmith,0.2788126447246189,0.29028529806571085,40,40
medagentbench,swebench-multilingual,0.27847340282379585,0.28119235533612025,40,3
crmarena,simpleqa,0.2784267560989988,0.30006060037762455,40,40
bigcodebench,featbench,0.27785559402797144,0.29436051443522376,40,1
codepde,swebench-verified,0.27765192921838744,0.3355685185546832,3,40
bigcodebench,featurebench-modal,0.27729208294338453,0.3001513531712775,40,40
seal0,swtbench,0.27727477530691175,0.29684049917581,40,40
bixbench,swesmith,0.2771509869085691,0.29924558493343834,39,40
aime,spider2,0.2765862101530968,0.29898662028895695,40,32
pixiu,swebench-multilingual,0.2762659631133576,0.2881720611480647,40,3
bigcodebench,swebench-multilingual,0.2762200793027265,0.2878490793754795,40,3
bigcodebench,mmau,0.27583588306745066,0.2927423225056949,40,40
mmau,pixiu,0.2756428607423046,0.3048382832361929,40,40
seal0,spreadsheetbench,0.27512618947678524,0.31251638908412327,40,40
omnimath,usaco,0.2750422067307734,0.28895775713491956,40,40
omnimath,sldbench,0.27503799143994856,0.29409692659164693,40,8
mmau,spider2,0.2747690903097458,0.3114472957346481,40,32
gaia,humanevalfix,0.2746991336315636,0.27612024060693613,40,40
aime,seal0,0.2745891717075375,0.2925038096109607,40,40
gaia,mmau,0.27455981927634443,0.30453957550299293,40,40
livecodebench,widesearch,0.2744755615365704,0.28968441048580773,40,1
ineqmath,widesearch,0.2741842253536852,0.25803662735596583,40,1
aime,skillsbench,0.2736619173870935,0.28351213324993446,40,40
research-code-bench,swebenchpro,0.27345354136162425,0.2963189304769407,40,40
algotune,seal0,0.273124179195561,0.29542609704253736,40,40
algotune,simpleqa,0.27308658904277017,0.2845940895766058,40,40
bigcodebench,swe-lancer,0.27292262452024774,0.2877208494624753,40,40
strongreject,usaco,0.2728764160962586,0.2932303465708312,40,40
scicode,swesmith,0.2726556235696041,0.2846122753772154,40,40
labbench,swebench-verified,0.2725059685963893,0.27388859208782473,40,40
sldbench,usaco,0.27228269154444706,0.27158416318279244,8,40
bixbench,widesearch,0.272079988820281,0.3290726218931142,39,1
featurebench-modal,seal0,0.27201997483098833,0.29972006834032167,40,40
mmau,swesmith,0.27147473750901036,0.2875946438730616,40,40
crustbench,swebench-multilingual,0.27137438708724515,0.3281830795333305,40,3
codepde,livecodebench,0.2712507232452695,0.2671719211963054,3,40
reasoning-gym,swesmith,0.27104951222329676,0.2929205714507131,40,40
mmmlu,seal0,0.27097334672579604,0.3171986506837476,40,40
mmmlu,swebenchpro,0.27035503904845665,0.2776907344203523,40,40
algotune,codepde,0.2703369744987021,0.27148482560396314,40,3
replicationbench,swesmith,0.2700773533765922,0.29300673552558604,40,40
algotune,bigcodebench,0.2700355360169586,0.292400086759548,40,40
mmau,skillsbench,0.26990012068262603,0.29567147305666774,40,40
swe-lancer,swesmith,0.2697955773784386,0.2908382999360747,40,40
reasoning-gym,swebench-multilingual,0.2695744837586242,0.2639426731677864,40,3
crmarena,swebench-multilingual,0.2694805064748493,0.2931214599598558,40,3
gaia,research-code-bench,0.26904657400017795,0.32268720317993554,40,40
swebenchpro,usaco,0.26899085632808983,0.27443506919853944,40,40
dacode,seal0,0.26884374058975885,0.29767745498406256,40,40
bixbench,humanevalfix,0.2687881071080122,0.31934770420912384,39,40
crustbench,omnimath,0.2686378090198055,0.2864060640268499,40,40
omnimath,swebench-verified,0.26781247713304235,0.2840306401380905,40,40
featurebench-modal,humanevalfix,0.2675290413208784,0.29450980406417804,40,40
hle,swebench-multilingual,0.267510006492531,0.2703609744549061,40,3
aime,swebench-multilingual,0.2671991076584644,0.2735767670348747,40,3
aime,swebench-verified,0.26668947838933676,0.28953750591511473,40,40
crmarena,reasoning-gym,0.26584570965492527,0.2932488356217861,40,40
bixbench,usaco,0.26533252291404175,0.28746302349222663,39,40
aime,qcircuitbench,0.26524927872618204,0.3074427944734503,40,25
gpqa-diamond,swesmith,0.26502229299380675,0.2873152892517618,40,40
bigcodebench,crmarena,0.26497546161590946,0.28831791931294043,40,40
gpqa-diamond,mmau,0.2643296067604126,0.29137035166297354,40,40
spreadsheetbench,usaco,0.2643287570829531,0.2799223503018636,40,40
simpleqa,swe-lancer,0.2632633635498982,0.28509429744583453,40,40
aime,bixbench,0.26272867887665174,0.29717313470136486,40,39
financeagent_terminal,medagentbench,0.2626312338166441,0.24778097833762555,1,40
scicode,usaco,0.2620290049432282,0.2840681994346884,40,40
bixbench,swebench-multilingual,0.26188564558158384,0.3000158249771852,39,3
bigcodebench,hle,0.261517307401004,0.2899691187371092,40,40
dacode,labbench,0.2612084741293065,0.26874476428219124,40,40
dacode,strongreject,0.2610534133786859,0.2923517068391439,40,40
omnimath,swtbench,0.26103336056327575,0.2809343756875235,40,40
bigcodebench,bigcodebench,0.2603409261221682,0.2905075106955376,40,40
aime,pixiu,0.2594881507507807,0.2996815095658106,40,40
crmarena,gpqa-diamond,0.2592139725683765,0.28529552983839024,40,40
replicationbench,usaco,0.25901614642921755,0.27551997003839085,40,40
bigcodebench,skillsbench,0.25840508264251966,0.2799173218936183,40,40
seal0,usaco,0.2583029347823944,0.2748728488094195,40,40
omnimath,widesearch,0.25821785917152407,0.264891937132994,40,1
financeagent_terminal,research-code-bench,0.2581988897471611,0.27387640400718183,1,40
algotune,swebench-multilingual,0.25815617944006963,0.2708186103987503,40,3
seal0,sldbench,0.25815006273681684,0.27128238685445466,40,8
spreadsheetbench,strongreject,0.25791054932814195,0.2980734133924425,40,40
gpqa-diamond,humanevalfix,0.25783921799610604,0.26924375622345215,40,40
deepsynth,usaco,0.25771221680070977,0.28515821789518303,35,40
codepde,sldbench,0.2577022599181905,0.31207796655742404,3,8
bigcodebench,reasoning-gym,0.2574913291018493,0.28663956088059106,40,40
financeagent_terminal,humanevalfix,0.2573845636692976,0.2842509628405189,1,40
labbench,omnimath,0.25718983379147387,0.27134167303247225,40,40
swebench-multilingual,swebench-multilingual,0.2566704093364133,0.23180343393370148,3,3
omnimath,reasoning-gym,0.25655657687626154,0.2799242399802184,40,40
seal0,swesmith,0.256519231023514,0.2874768478235831,40,40
bigcodebench,livecodebench,0.2565106685537243,0.29119721631275736,40,40
deepsynth,humanevalfix,0.2564340877656429,0.2778267544451669,35,40
codepde,dacode,0.2561917702792451,0.31222022861437243,3,40
aime,widesearch,0.2560772581205284,0.25732610412579066,40,1
research-code-bench,seal0,0.25588413466596144,0.31466595868658626,40,40
aime,mmau,0.2557793900040254,0.28489026997029965,40,40
bfcl,featurebench-modal,0.25565799961845803,0.2859664397996274,40,40
seal0,swebench-verified,0.25526823015605826,0.28764184456969927,40,40
bixbench,kumo,0.2548235957188127,0.3449749981337623,39,3
aime,swe-lancer,0.2547432095150131,0.28673746881984535,40,40
qcircuitbench,strongreject,0.25375001821787024,0.297418292264373,25,40
seal0,swe-lancer,0.25366123283592196,0.280936511399757,40,40
medagentbench,seal0,0.25263541558654334,0.28604612307960836,40,40
aime,kumo,0.2519800176400163,0.3211311376833609,40,3
gso,strongreject,0.25194230047844957,0.2834714191486431,40,40
strongreject,swe-lancer,0.25150349146914136,0.2684660449394031,40,40
bigcodebench,deepsynth,0.2514589150996047,0.2839897106130885,40,35
aime,reasoning-gym,0.25138118094832496,0.2806926235357892,40,40
financeagent_terminal,ineqmath,0.2510896044552073,0.26702006019961777,1,40
qcircuitbench,seal0,0.25083452031669023,0.2792356720784085,25,40
pixiu,strongreject,0.2507051149611482,0.2761507610907747,40,40
gpqa-diamond,swebench-multilingual,0.2506626213521201,0.2711020722523336,40,3
bigcodebench,swesmith,0.25039992874964345,0.28272417798302973,40,40
livecodebench,swesmith,0.25028633857514915,0.2636071395972747,40,40
omnimath,swebench-multilingual,0.24948656191981378,0.23927125791528073,40,3
bfcl,crustbench,0.24947385420473756,0.2779553810041641,40,40
bigcodebench,bixbench,0.24904520420958434,0.26896000488337124,40,39
ineqmath,labbench,0.24842580536617972,0.24544105630358687,40,40
codepde,gpqa-diamond,0.2480156112213494,0.2525548424927023,3,40
omnimath,strongreject,0.24781888571135266,0.266106666202719,40,40
compilebench,simpleqa,0.2476402215346435,0.27667103261013437,15,40
labbench,spreadsheetbench,0.24688194315841716,0.26575810037327413,40,40
labbench,sldbench,0.2467622530741499,0.25151103013954285,40,8
lawbench,simpleqa,0.24671739633081188,0.2816225246464599,40,40
bfcl,spreadsheetbench,0.24659483560641537,0.26990327020615745,40,40
humanevalfix,replicationbench,0.24648652129077447,0.27729993562655264,40,40
livecodebench,medagentbench,0.24608801127250357,0.2682988580998842,40,40
bfcl,swesmith,0.24496731686628576,0.2705901637010966,40,40
bfcl,gaia2,0.24470231531008096,0.2753725539670346,40,40
bigcodebench,medagentbench,0.24441005425687773,0.27208609353216945,40,40
bixbench,mmau,0.24425004337704168,0.2811906711671339,39,40
reasoning-gym,seal0,0.24424719092321698,0.27325152913790834,40,40
bixbench,research-code-bench,0.24400466103151244,0.2271201181048422,39,40
bixbench,mmmlu,0.24386803257910886,0.24294227186654696,39,40
featurebench-modal,research-code-bench,0.2433928592476353,0.25801333284410893,40,40
swe-lancer,usaco,0.24333940287227168,0.2661697357391317,40,40
strongreject,swebench-verified,0.24285065764197658,0.2800808672333119,40,40
humanevalfix,labbench,0.24279003750062192,0.24585829854970662,40,40
kumo,usaco,0.24271443223621533,0.2580550219057514,3,40
bfcl,bfcl,0.2424230998039909,0.27341049462562034,40,40
bfcl,replicationbench,0.2422729340630804,0.2699443046819704,40,40
crmarena,seal0,0.2418720118154724,0.2687591348868164,40,40
lawbench,seal0,0.24156139843074892,0.2766796639254094,40,40
codepde,gaia2,0.24150071949233798,0.2615003223299538,3,40
labbench,swe-lancer,0.2414473743739354,0.25806324111483286,40,40
strongreject,swesmith,0.24059077525882883,0.26193753946459475,40,40
aime,humanevalfix,0.23973165074269218,0.345787769044496,40,40
algotune,bfcl,0.23950561901647893,0.26133938781545246,40,40
bfcl,deepsynth,0.239180367039673,0.2618818854381842,40,35
bigcodebench,gpqa-diamond,0.23883404762186583,0.27144802453214145,40,40
humanevalfix,omnimath,0.2384158242717078,0.252666866823388,40,40
arc-agi-2,codepde,0.23760692904634936,0.25778272939790065,40,3
crmarena,mmau,0.23738462554948553,0.2725531836061569,40,40
mmmlu,replicationbench,0.237006974699001,0.25635428953403133,40,40
bfcl,medagentbench,0.2364923100714664,0.25896886786943313,40,40
codepde,gso,0.23623878901772222,0.2634078372069961,3,40
bfcl,swe-lancer,0.23606684816783713,0.25652199624997657,40,40
algotune,labbench,0.23605134979207737,0.24940547898618767,40,40
codepde,terminal-bench,0.23595018484768449,0.28745801466069776,3,40
qcircuitbench,simpleqa,0.23566122266432893,0.2490642506001248,25,40
bigcodebench,replicationbench,0.23565880223310778,0.2625279511060627,40,40
featbench,strongreject,0.23526698345822994,0.2483278414857355,1,40
aime,compilebench,0.23519832219075262,0.28132486547277763,40,15
strongreject,terminal-bench,0.23496402778058612,0.2746494312529267,40,40
crmarena,omnimath,0.23485257229972092,0.2650484828826154,40,40
gaia2,usaco,0.23389743197732626,0.2469858307528267,40,40
kumo,omnimath,0.23372757899862753,0.2651484166527394,3,40
codepde,skillsbench,0.23357475046049575,0.2603458809015453,3,40
bfcl,omnimath,0.23339601050990105,0.2536125368352761,40,40
reasoning-gym,strongreject,0.23329846835901924,0.2640462912609917,40,40
codepde,spider2,0.23216058641094336,0.2834852250988453,3,32
gaia,swebench-multilingual,0.231633046075698,0.26473409986110885,40,3
codepde,crmarena,0.23150694882634498,0.25992592402154713,3,40
codepde,swtbench,0.23136239136679368,0.2652685869537457,3,40
bfcl,mmau,0.2308291437214821,0.2562668229100026,40,40
labbench,swebench-multilingual,0.2307745161674769,0.23472507175526416,40,3
labbench,medagentbench,0.2307242027932631,0.24755984156007188,40,40
bfcl,dacode,0.23004642841500939,0.2558593344616869,40,40
mmau,swebench-multilingual,0.22996200838424807,0.25705432241424847,40,3
featurebench-modal,usaco,0.22942100233649207,0.2448439325206543,40,40
bfcl,scicode,0.22892853690294607,0.25206784021042106,40,40
swesmith,usaco,0.22877628540998918,0.24649670279134617,40,40
deepsynth,swebench-multilingual,0.22857540384599034,0.25606564594868736,35,3
dacode,usaco,0.22842758519485315,0.24941294899421657,40,40
lawbench,strongreject,0.22837651035931356,0.27608409150186974,40,40
mmau,omnimath,0.2282539384168354,0.25644544656196006,40,40
bfcl,swebenchpro,0.2278647569266809,0.2513770520259479,40,40
seal0,swebench-multilingual,0.22786458758226585,0.253097684727425,40,3
financeagent_terminal,gpqa-diamond,0.22695975670343888,0.25354595953215164,1,40
aider-polyglot,bfcl,0.22657935645817195,0.25343966342854624,40,40
medagentbench,usaco,0.2264549744099825,0.2460157960282205,40,40
seal0,strongreject,0.22599507758539716,0.23661199499970814,40,40
strongreject,swtbench,0.2257676452751403,0.25701110186422044,40,40
algotune,strongreject,0.22544801829164943,0.2538641969039687,40,40
replicationbench,swebench-multilingual,0.22481252385370384,0.2225967372002586,40,3
bfcl,lawbench,0.22446996835761368,0.2583731599510852,40,40
aime,bigcodebench,0.22440256216988075,0.24677721482043494,40,40
gaia,ineqmath,0.22423921865754387,0.24843595554860362,40,40
compilebench,omnimath,0.22423126092082057,0.24703748754002247,15,40
bigcodebench,strongreject,0.224179415327122,0.2526682187251479,40,40
arc-agi-2,bfcl,0.22405098715516747,0.24742212014547874,40,40
gaia,usaco,0.22375912897936495,0.25300178634781995,40,40
ineqmath,omnimath,0.22374304498195605,0.24012440949216796,40,40
kumo,research-code-bench,0.223606797749979,0.17386123687756705,3,40
livecodebench,strongreject,0.2234848127829357,0.2653467997710285,40,40
bfcl,bixbench,0.22335007677491792,0.2444842287025289,40,39
bfcl,bigcodebench,0.22332962268731116,0.25312611647386146,40,40
arc-agi-2,swebench-multilingual,0.22295593914664283,0.25193849341370694,40,3
gaia2,research-code-bench,0.2225886078060761,0.2597010631502549,40,40
reasoning-gym,simpleqa,0.2223708765596854,0.2529108085744025,40,40
bfcl,gso,0.221883491416894,0.24981569915614216,40,40
aime,crmarena,0.2218319618297902,0.25268096186975747,40,40
bfcl,pixiu,0.22177804647271643,0.2500055672254249,40,40
bfcl,hle,0.22134837759244877,0.24571509684413065,40,40
kumo,mmmlu,0.22117757787298387,0.19763796894658225,3,40
bfcl,crmarena,0.22011163975158288,0.23839977137683208,40,40
ineqmath,skillsbench,0.22009926923902945,0.23578378855478546,40,40
bfcl,spider2,0.21964824760094365,0.24704926880140848,40,32
gaia2,labbench,0.2195532390967164,0.24720452814804156,40,40
gaia,strongreject,0.21926480694011816,0.2456872638688654,40,40
compilebench,seal0,0.21925917558057906,0.24960473891113233,15,40
financeagent_terminal,mmmlu,0.21783930785591724,0.23781289471456613,1,40
scicode,swebench-multilingual,0.2174436167094725,0.22887506062261637,40,3
scicode,strongreject,0.2172514742615011,0.24469780274873615,40,40
bfcl,gpqa-diamond,0.21665325026018048,0.2440891804932673,40,40
compilebench,usaco,0.21655402988081218,0.23021672838265006,15,40
mmmlu,omnimath,0.21637807811369134,0.22974486883602516,40,40
aime,bfcl,0.21604492678937892,0.2431698597193785,40,40
bixbench,strongreject,0.21596240990983528,0.24805494541800244,39,40
labbench,reasoning-gym,0.21586655343457872,0.247066287397371,40,40
bfcl,swebench-verified,0.21556289239338966,0.2421352239205522,40,40
codepde,swebenchpro,0.21546057133243235,0.24817800438140797,3,40
mmau,seal0,0.2154165155607218,0.2440166224877061,40,40
featurebench-modal,mmmlu,0.21535622590520526,0.2324089650417377,40,40
labbench,swesmith,0.21499225561889965,0.24728586286098803,40,40
bfcl,terminal-bench,0.21486006102328736,0.244005927683442,40,40
skillsbench,usaco,0.21458268781553436,0.23513030488979766,40,40
bigcodebench,omnimath,0.21451138255404084,0.24502248579161207,40,40
bfcl,livecodebench,0.21448587102403044,0.2315777601447986,40,40
mmau,simpleqa,0.21438265158056036,0.24852266303822404,40,40
quixbugs,strongreject,0.21379279782563937,0.25264729703821137,40,40
bfcl,reasoning-gym,0.21370559626231717,0.2466012811130055,40,40
bfcl,sldbench,0.2135431149407332,0.24746462742947486,40,8
aime,financeagent_terminal,0.21350005494551239,0.20747066404595982,40,1
bigcodebench,usaco,0.21342547141678944,0.25964216528926604,40,40
codepde,featurebench-modal,0.21338757671318329,0.22224358310902528,3,40
codepde,swe-lancer,0.2133022690896793,0.25014021803338715,3,40
spider2,strongreject,0.21325765122654686,0.2515847344856108,32,40
bfcl,swtbench,0.21248513348537912,0.23815007090542445,40,40
gaia2,mmmlu,0.21237108637061222,0.2402315770423764,40,40
scicode,seal0,0.21192445294748297,0.24714264755394222,40,40
labbench,qcircuitbench,0.211777065538589,0.2259109210379572,40,25
humanevalfix,seal0,0.21153925982542485,0.22336694935789084,40,40
codepde,medagentbench,0.21132771343488968,0.2346181921076934,3,40
featurebench-modal,strongreject,0.21116544681929383,0.23235457395422443,40,40
simpleqa,swebench-multilingual,0.21073401486166377,0.24453556467658524,40,3
bigcodebench,gaia,0.21006934210079192,0.2485521898197858,40,40
swe-lancer,swebench-multilingual,0.20950418475591354,0.23439496074569172,40,3
aime,labbench,0.20939901770808206,0.22030792789342013,40,40
research-code-bench,scicode,0.2093618658999739,0.21130264314742397,40,40
spider2,usaco,0.20933945284589445,0.23533324820383336,32,40
replicationbench,research-code-bench,0.20926772002962815,0.23524407058365362,40,40
gaia2,strongreject,0.20906263601633931,0.2481348903212249,40,40
featbench,ineqmath,0.20902871644541537,0.204918563632017,1,40
bfcl,swebench-multilingual,0.20873800184160152,0.21769184382400864,40,3
medagentbench,strongreject,0.2085193144871161,0.22851862648017496,40,40
bfcl,seal0,0.2082687681390229,0.23424232428135916,40,40
swebench-verified,usaco,0.20796706221203717,0.23635885839836754,40,40
bfcl,simpleqa,0.20773727592039057,0.22876748561202068,40,40
hle,mmmlu,0.20754096580822318,0.24585580956668557,40,40
labbench,lawbench,0.20746632788942934,0.24948508271943395,40,40
deepsynth,strongreject,0.2069759341547191,0.2410598062782241,35,40
labbench,mmau,0.2064432174644082,0.21619737343189072,40,40
bfcl,gaia,0.2058086766023921,0.2364256180488208,40,40
deepsynth,mmmlu,0.2057843624714143,0.2350335463022969,35,40
financeagent_terminal,scicode,0.20527043840984371,0.22123337242778257,1,40
bfcl,quixbugs,0.20465921541356324,0.24152438234758697,40,40
codepde,pixiu,0.20429271681182087,0.2540281568824311,3,40
codepde,swesmith,0.20390122950448036,0.22735777404325846,3,40
financeagent_terminal,omnimath,0.20303317417756095,0.2340878408251387,1,40
humanevalfix,research-code-bench,0.20300528596917697,0.19484054334946133,40,40
bfcl,strongreject,0.20237040577712484,0.24252313724111133,40,40
bfcl,financeagent_terminal,0.20221688458683557,0.25838350949613914,40,1
bixbench,codepde,0.20215142571473824,0.2440671380701632,39,3
bfcl,usaco,0.20183060611963732,0.22182823914150573,40,40
bigcodebench,seal0,0.20132553841291906,0.23736057581295292,40,40
research-code-bench,strongreject,0.19938852589763775,0.1884760232399012,40,40
bfcl,qcircuitbench,0.19920188174324632,0.22862556207337342,40,25
strongreject,swebenchpro,0.19897677069086925,0.23548370799763405,40,40
codepde,gaia,0.19895113104291673,0.2231428809715334,3,40
algotune,ineqmath,0.19890104844592907,0.20823828198040262,40,40
codepde,replicationbench,0.19884057184367093,0.233753495193015,3,40
compilebench,research-code-bench,0.19851704572096368,0.23337219268535184,15,40
gpqa-diamond,mmmlu,0.19822884523893733,0.23284884295633304,40,40
sldbench,strongreject,0.19797270254499116,0.24089328419313416,8,40
mmmlu,terminal-bench,0.19759939706519355,0.24505533006616922,40,40
codepde,featbench,0.19644164488348956,0.20478314949977597,3,1
ineqmath,reasoning-gym,0.19568569886419224,0.21780435303630397,40,40
bfcl,ineqmath,0.19556543959999034,0.21956106811930787,40,40
arc-agi-2,mmmlu,0.1950704109815578,0.21650769346369125,40,40
deepsynth,research-code-bench,0.1937992613716797,0.22921911864971106,35,40
aime,ineqmath,0.19282643058543594,0.2264310716015242,40,40
aime,strongreject,0.19265295987525272,0.2344340569692958,40,40
financeagent_terminal,seal0,0.19252091548097283,0.2266999917180305,1,40
dacode,ineqmath,0.19200223119119467,0.20518978136792035,40,40
aider-polyglot,ineqmath,0.19198122872512652,0.19947230802101884,40,40
aider-polyglot,codepde,0.19166027433503274,0.23696369229905395,40,3
ineqmath,medagentbench,0.19122755405715564,0.2253458341433526,40,40
bfcl,skillsbench,0.1911228783001166,0.2193237167683094,40,40
bfcl,compilebench,0.19102318408610963,0.22571376719707786,40,15
humanevalfix,mmmlu,0.19060099208989267,0.18239959517562374,40,40
compilebench,mmmlu,0.18974756338803886,0.2231830917164485,15,40
bfcl,codepde,0.1891597921535526,0.2354052481137923,40,3
simpleqa,strongreject,0.1890051977144067,0.20386854221804954,40,40
crustbench,strongreject,0.1886554226681872,0.22042980281396793,40,40
codepde,seal0,0.18825035735652781,0.21824829969854062,3,40
codepde,strongreject,0.1868706368604627,0.2334903693072418,3,40
codepde,deepsynth,0.18660188283052184,0.2268978287027232,3,35
aime,codepde,0.1863839555370324,0.2209432747830677,40,3
featurebench-modal,swebench-multilingual,0.1852772341654448,0.2215123183134404,40,3
skillsbench,strongreject,0.18520391965483574,0.21301434256886506,40,40
gso,ineqmath,0.18392592873242347,0.20000509760117258,40,40
aime,mmmlu,0.18391875582624942,0.20920488659528913,40,40
crmarena,strongreject,0.1835312474579478,0.21154848516130292,40,40
mmmlu,scicode,0.18328089598533373,0.1977334362038575,40,40
hle,research-code-bench,0.1825711953225242,0.21202006961766112,40,40
replicationbench,strongreject,0.18208645776948257,0.21278837238770934,40,40
mmmlu,swtbench,0.18156215218349628,0.2041036184325802,40,40
labbench,strongreject,0.18127390285086575,0.18919884722434469,40,40
research-code-bench,terminal-bench,0.18096045345786632,0.23272067422071044,40,40
strongreject,swebench-multilingual,0.18063708497537528,0.25948192085545585,40,3
omnimath,research-code-bench,0.17991249439156415,0.20285258288336738,40,40
ineqmath,mmau,0.17974570130942097,0.1941043531260972,40,40
research-code-bench,spider2,0.17960530202677494,0.2018248935327926,40,32
bigcodebench,ineqmath,0.17959753031562686,0.19453710297211316,40,40
simpleqa,widesearch,0.17872721975699807,0.21323979158980794,40,1
scicode,simpleqa,0.17834168323211047,0.20171649801409358,40,40
ineqmath,swesmith,0.17806647273042217,0.19425513488963747,40,40
bfcl,kumo,0.17804460004300907,0.2242415662280937,40,3
labbench,widesearch,0.17790874190814077,0.17663779634777796,40,1
bigcodebench,simpleqa,0.17698942542367804,0.2096465170935748,40,40
labbench,usaco,0.17616098914878603,0.2173686066019333,40,40
mmmlu,spider2,0.17574458890063815,0.21187563577537283,40,32
codepde,omnimath,0.17559032719133802,0.21767803333813868,3,40
crmarena,ineqmath,0.17405919807564574,0.19090603905048845,40,40
ineqmath,spreadsheetbench,0.17378666181427657,0.18973266272323513,40,40
research-code-bench,swtbench,0.1737405465522056,0.18498703960385665,40,40
bfcl,labbench,0.1731709563944514,0.20675660570423793,40,40
codepde,ineqmath,0.17316348383529181,0.1795918168892672,3,40
ineqmath,replicationbench,0.17305065114380494,0.18399197722826593,40,40
research-code-bench,usaco,0.17172256285491957,0.16389259495679112,40,40
ineqmath,seal0,0.17149340481863268,0.18573476320474175,40,40
arc-agi-2,ineqmath,0.17144454784367433,0.19504364813255307,40,40
ineqmath,spider2,0.1706160152068502,0.18863582475117516,40,32
mmau,strongreject,0.16921231262863928,0.2099770067143831,40,40
arc-agi-2,research-code-bench,0.16876318513890357,0.1820748117883491,40,40
seal0,widesearch,0.16748831664715058,0.22573143482286886,40,1
codepde,simpleqa,0.16729839469412444,0.18907612245563155,3,40
codepde,hle,0.1668243250773644,0.21419439952953848,3,40
simpleqa,usaco,0.16596721480792553,0.19713016046333223,40,40
gpqa-diamond,research-code-bench,0.1656644027086618,0.19038999447019328,40,40
mmmlu,strongreject,0.16490618665802714,0.17347705507318975,40,40
bfcl,humanevalfix,0.1642258807613082,0.21252472160892857,40,40
deepsynth,ineqmath,0.1633660239996279,0.1768570582479274,35,40
ineqmath,strongreject,0.1618024709135475,0.2033928176367727,40,40
financeagent_terminal,replicationbench,0.16153891199254966,0.23514103094968988,1,40
ineqmath,terminal-bench,0.1610308346406104,0.17873520709922566,40,40
ineqmath,swtbench,0.15996472791668725,0.18672738761570848,40,40
lawbench,mmmlu,0.15940768276945544,0.18915194139931857,40,40
ineqmath,swebench-verified,0.1592517778961986,0.1681085553194638,40,40
qcircuitbench,research-code-bench,0.15883023449744899,0.1698548685216114,25,40
mmmlu,quixbugs,0.15870979319436213,0.18897571566624258,40,40
ineqmath,swebench-multilingual,0.15708211290538424,0.16179187294752068,40,3
mmmlu,qcircuitbench,0.15629840114340307,0.1831126160631958,40,25
bixbench,ineqmath,0.15558571922713343,0.18921998989993472,39,40
kumo,strongreject,0.15545894321086234,0.19574667744227492,3,40
gso,mmmlu,0.1550426620921052,0.18119542152162588,40,40
compilebench,strongreject,0.15406345627859214,0.2056020454981944,15,40
compilebench,ineqmath,0.1537207822982512,0.1582733844995017,15,40
labbench,scicode,0.15333256419406094,0.1824591954572982,40,40
humanevalfix,simpleqa,0.1529507710134685,0.17182800543218954,40,40
mmmlu,swesmith,0.15221564138699575,0.1865442865955464,40,40
aime,research-code-bench,0.15171652122725207,0.18264606856234214,40,40
bfcl,widesearch,0.1516131268738706,0.21241441397368263,40,1
research-code-bench,swesmith,0.15093156387017792,0.18433259801131496,40,40
bigcodebench,labbench,0.15075262724607602,0.1780981773875767,40,40
crmarena,livecodebench,0.15023770581772405,0.2048211425493259,40,40
codepde,labbench,0.14954584939720816,0.18440375875797843,3,40
crmarena,usaco,0.14919893740989648,0.1960744238793702,40,40
mmmlu,reasoning-gym,0.14850571204674637,0.19460704751276167,40,40
gaia2,ineqmath,0.14848909029856,0.17631122648834158,40,40
ineqmath,sldbench,0.14843243461409278,0.14958895586956905,40,8
featurebench-modal,ineqmath,0.14824064754623428,0.15693672725989122,40,40
lawbench,research-code-bench,0.14790757321614453,0.17833094973622246,40,40
ineqmath,research-code-bench,0.14549445626488994,0.15097485406010536,40,40
ineqmath,pixiu,0.1454148460775873,0.16594149097979286,40,40
ineqmath,lawbench,0.14524755426939628,0.1675704190537372,40,40
aider-polyglot,mmmlu,0.14458397681616114,0.1731811507790864,40,40
gpqa-diamond,ineqmath,0.14429188763166434,0.1684299995036438,40,40
mmmlu,spreadsheetbench,0.14348469300519656,0.17512548492858548,40,40
quixbugs,research-code-bench,0.1433956638392152,0.14770907417865486,40,40
research-code-bench,widesearch,0.14296699013928466,0.13499101450614265,40,1
mmmlu,widesearch,0.14296699013928466,0.14982730641452163,40,1
dacode,mmmlu,0.14274902091212804,0.16323061341770057,40,40
dacode,research-code-bench,0.14126222001716918,0.15004124795873083,40,40
mmmlu,swebench-multilingual,0.1407577596548098,0.1748526960478982,40,3
algotune,mmmlu,0.1407508205111529,0.17331453148700837,40,40
bfcl,mmmlu,0.14041890314429878,0.17270785778802178,40,40
ineqmath,mmmlu,0.13976708896729895,0.14763532286720632,40,40
algotune,research-code-bench,0.13870592885553817,0.1493984444301716,40,40
ineqmath,usaco,0.13751117834963356,0.15027572677648365,40,40
hle,ineqmath,0.13667162200154967,0.1646722004319235,40,40
medagentbench,mmmlu,0.1361759510548346,0.16054497735584555,40,40
ineqmath,swe-lancer,0.13534532373667243,0.15996962619677063,40,40
mmmlu,usaco,0.13445696962867743,0.14464433476031502,40,40
crustbench,mmmlu,0.13317543061095152,0.15908841598436288,40,40
crustbench,ineqmath,0.1313448816240951,0.13991988093858757,40,40
bigcodebench,mmmlu,0.13112258776591756,0.1557234242326592,40,40
medagentbench,research-code-bench,0.13085727912356454,0.15454141098471783,40,40
humanevalfix,strongreject,0.13047807946031073,0.19236457352843503,40,40
mmmlu,pixiu,0.13043642092138863,0.15596948362347596,40,40
crustbench,research-code-bench,0.12945054060933642,0.14560207004680586,40,40
gso,research-code-bench,0.12943742123192173,0.163747064248785,40,40
financeagent_terminal,strongreject,0.12826697881209395,0.18179738763062975,1,40
reasoning-gym,research-code-bench,0.12803687993289595,0.1711895960330589,40,40
research-code-bench,spreadsheetbench,0.125,0.15899722035438368,40,40
aider-polyglot,research-code-bench,0.12477479161211047,0.14172510770321345,40,40
ineqmath,quixbugs,0.12291085216896978,0.13558693640733518,40,40
bigcodebench,research-code-bench,0.12038585308576917,0.13985933258712657,40,40
mmmlu,swebench-verified,0.12037028433877393,0.1523005920150016,40,40
mmmlu,swe-lancer,0.11891774268622404,0.14650048516482148,40,40
ineqmath,qcircuitbench,0.11845931544828768,0.1298689882718885,40,25
ineqmath,swebenchpro,0.11716723611769896,0.12957754533686858,40,40
mmau,mmmlu,0.11710637049772035,0.15929977944436474,40,40
ineqmath,simpleqa,0.11668718798539524,0.12924143370571867,40,40
ineqmath,livecodebench,0.11233196372311359,0.1332593114565631,40,40
livecodebench,mmmlu,0.1119860868808718,0.15236056358184677,40,40
bfcl,research-code-bench,0.109471554775324,0.15649197538587828,40,40
research-code-bench,swebench-verified,0.109471554775324,0.12629824299047965,40,40
research-code-bench,swe-lancer,0.10843919621270709,0.1305369510016175,40,40
ineqmath,kumo,0.10596699179860367,0.11174556287568964,40,3
mmau,research-code-bench,0.10444655160083312,0.14118396246037895,40,40
mmmlu,sldbench,0.10178336681904619,0.12168868170992216,40,8
humanevalfix,ineqmath,0.0983421572060825,0.10735130586487909,40,40
research-code-bench,sldbench,0.09620572838553645,0.10122096606006607,40,8
research-code-bench,swebench-multilingual,0.09294598179576942,0.12720687700907718,40,3
pixiu,research-code-bench,0.0891358305018649,0.11621011268908787,40,40
livecodebench,research-code-bench,0.06804138174397717,0.10930528205862125,40,40
featbench,featbench,,,1,1
financeagent_terminal,financeagent_terminal,,,1,1
widesearch,widesearch,,,1,1
