selection_rank,selection_stage,selection_reason,benchmark,task_id,task_column,candidate_reason,mix_selection_score,final_priority_score,difficulty_tier,difficulty_signal,representative_signal,unique_unpredictable_signal,discrimination_signal,observed_count,imputed_mean,observed_mean,observed_std,strength_correlation,useful_representativeness_score,task_unpredictability_score,representative_rank_within_benchmark,unique_rank_within_benchmark,composite_rank_within_benchmark,base_representative_task,difficult_task,frontier_task_with_signal,unique_unpredictable_task,high_composite_task
1,representative_base,base_representative;difficult;frontier_with_variance;unique_unpredictable;high_composite,financeagent,financeagent-37,financeagent/financeagent-37,base_representative;difficult;frontier_with_variance;unique_unpredictable;high_composite,0.8779761904761905,1.0579761904761906,frontier,0.9785714285714286,0.6666666666666666,1.0,1.0,13,0.0214285714285714,0.0461538461538461,0.1151279195930443,0.0504433504253862,0.042966138795020224,0.5796389397455679,2.0,1.0,1.0,True,True,True,True,True
2,representative_base,base_representative;difficult;frontier_with_variance,financeagent,financeagent-7,financeagent/financeagent-7,base_representative;difficult;frontier_with_variance,0.8684285714285714,1.0084285714285715,frontier,0.9857142857142858,1.0,0.5,0.98,15,0.0142857142857142,0.0266666666666666,0.0997775303139717,0.037037101218788,0.06985353945921935,0.30611133351128916,1.0,3.0,2.0,True,True,True,False,False
3,representative_base,base_representative;difficult;unique_unpredictable;high_composite,swebenchpro,instance_ansible__ansible-709484969c8a4ffd74b839a673431a8c5caa6457-vba6da65a0f3baefda7a058ebbd0a8dcafb8512f5,swebenchpro/instance_ansible__ansible-709484969c8a4ffd74b839a673431a8c5caa6457-vba6da65a0f3baefda7a058ebbd0a8dcafb8512f5,base_representative;difficult;unique_unpredictable;high_composite,0.8250000000000001,0.9650000000000001,hard,0.7000000000000002,0.8333333333333334,0.8333333333333334,1.0,19,0.2999999999999999,0.3473684210526316,0.3718636154243304,0.0612976122416219,0.14786312339664492,0.5454109329904392,2.0,2.0,1.0,True,True,False,True,True
4,representative_base,base_representative;difficult;high_composite,swe-lancer,30166-manager-0,swe-lancer/30166-manager-0,base_representative;difficult;high_composite,0.8224536516853931,0.9224536516853932,hard,0.7125,1.0,0.598314606741573,0.965,23,0.2875,0.35,0.4167681035946886,0.1380446777860964,0.2677860085376586,0.2507425276272084,1.0,73.0,2.0,True,True,False,False,True
5,representative_base,base_representative;unique_unpredictable;high_composite,bfcl,bfcl-live-parallel-multiple-8-7-0,bfcl/bfcl-live-parallel-multiple-8-7-0,base_representative;unique_unpredictable;high_composite,0.7762162859723835,0.8762162859723834,easy,0.2857142857142857,1.0,0.8703703703703703,0.9146341463414634,26,0.7142857142857143,0.6923076923076923,0.3730570970148351,-0.1493701741507241,0.1706380538504866,0.4128763139298183,1.0,15.0,2.0,True,False,False,True,True
6,representative_base,base_representative;high_composite,spider2,f1002,spider2/f1002,base_representative;high_composite,0.813392857142857,0.8733928571428571,medium,0.5946428571428573,1.0,0.6875,0.9523809523809523,24,0.4053571428571428,0.41875,0.3815572532399299,0.111398019724457,0.2859426773403811,0.3468263657438132,1.0,11.0,1.0,True,False,False,False,True
7,representative_base,base_representative;difficult;high_composite,featurebench-modal,pypa__packaging.013f3b03.test_metadata.e00b5801.lv1,featurebench-modal/pypa__packaging.013f3b03.test_metadata.e00b5801.lv1,base_representative;difficult;high_composite,0.762675746303795,0.8626757463037951,hard,0.7892857142857144,1.0,0.27439024390243905,0.9783783783783784,19,0.2107142857142857,0.3105263157894737,0.4089714143171034,0.1105621116558093,0.36076171324699735,0.08066984649911302,1.0,120.0,12.0,True,True,False,False,True
8,representative_base,base_representative;difficult;high_composite,replicationbench,disk_ridges__ridge_slope,replicationbench/disk_ridges__ridge_slope,base_representative;difficult;high_composite,0.7470238095238095,0.8470238095238096,hard,0.8214285714285715,1.0,0.3,0.7777777777777778,28,0.1785714285714285,0.1785714285714285,0.3222212448182845,0.1066538551708845,0.2899678234257385,0.0787663138565442,1.0,57.0,3.0,True,True,False,False,True
9,representative_base,base_representative;high_composite,strongreject,strongreject_disinformation_and_deception_0049_pap_logical_appeal,strongreject/strongreject_disinformation_and_deception_0049_pap_logical_appeal,base_representative;high_composite,0.7791418650793651,0.8391418650793652,medium,0.4776785714285715,1.0,0.6388888888888888,1.0,26,0.5223214285714285,0.5192307692307693,0.4260906645748881,-0.2238126173552193,0.24118606773080695,0.2004264401893664,1.0,33.0,3.0,True,False,False,False,True
10,representative_base,base_representative;high_composite,qcircuitbench,bernstein_vazirani-n8,qcircuitbench/bernstein_vazirani-n8,base_representative;high_composite,0.7768447802197802,0.8368447802197803,medium,0.41507142857142854,1.0,0.6923076923076923,1.0,26,0.5849285714285715,0.5760769230769232,0.4187271851949689,0.1830229816956824,0.3108079296386897,0.3329725353570028,1.0,9.0,1.0,True,False,False,False,True
11,representative_base,base_representative;high_composite,scicode,scicode-8,scicode/scicode-8,base_representative;high_composite,0.7764084507042254,0.8364084507042253,medium,0.5000000000000001,1.0,0.6056338028169014,1.0,23,0.4999999999999999,0.4782608695652173,0.403200804151987,0.2612014805216021,0.29483604044138984,0.20340380664081315,1.0,29.0,1.0,True,False,False,False,True
12,representative_base,base_representative;difficult;high_composite,arc-agi-2,c4d067a0_0,arc-agi-2/c4d067a0_0,base_representative;difficult;high_composite,0.7357810559006212,0.8357810559006211,hard,0.7214285714285714,1.0,0.23369565217391305,0.98,27,0.2785714285714286,0.2888888888888889,0.4297573245736381,0.1260238511269522,0.3902005280341849,0.017688273424606882,1.0,72.0,11.0,True,True,False,False,True
13,representative_base,base_representative;difficult;high_composite,gso,gso-pandas-dev--pandas-f298507,gso/gso-pandas-dev--pandas-f298507,base_representative;difficult;high_composite,0.7314390756302521,0.8314390756302521,hard,0.7892857142857144,0.9882352941176471,0.21764705882352942,0.8921568627450981,16,0.2107142857142857,0.29375,0.3561403339977094,0.0745570708217652,0.3119456281839459,0.10700418444041193,2.0,68.0,10.0,True,True,False,False,True
14,representative_base,base_representative;difficult;high_composite,gso,gso-numpy--numpy-248c60e,gso/gso-numpy--numpy-248c60e,base_representative;difficult;high_composite,0.7284401260504201,0.8284401260504202,hard,0.7196428571428573,1.0,0.21764705882352942,0.9607843137254902,16,0.2803571428571428,0.340625,0.3845528044040246,0.0517374900350699,0.34580012116551534,0.10700418444041193,1.0,67.0,11.0,True,True,False,False,True
15,representative_base,base_representative;unique_unpredictable;high_composite,humanevalfix,python-108,humanevalfix/python-108,base_representative;unique_unpredictable;high_composite,0.7237864952541151,0.8237864952541152,easy,0.0714285714285714,1.0,0.8310344827586207,0.9878048780487805,26,0.9285714285714286,0.9230769230769232,0.2224128045353994,-0.0638666117269739,0.19031347633764864,0.03157075775819307,1.0,25.0,2.0,True,False,False,True,True
16,representative_base,base_representative;difficult,arc-agi-2,8f215267_0,arc-agi-2/8f215267_0,base_representative;difficult,0.7216816770186336,0.8216816770186337,hard,0.7428571428571429,0.9891304347826086,0.20108695652173914,0.93,27,0.2571428571428572,0.2666666666666666,0.4181086160494839,0.1196655766395843,0.37481746878230066,0.011568942456661513,2.0,75.0,16.0,True,True,False,False,False
17,representative_base,base_representative;high_composite,gpqa-diamond,24,gpqa-diamond/24,base_representative;high_composite,0.7564935064935064,0.8164935064935064,medium,0.3214285714285714,1.0,0.7166666666666667,0.9797979797979798,26,0.6785714285714286,0.6615384615384615,0.4142434467026541,0.3233483264182643,0.29367181460317904,0.28463864518273785,1.0,52.0,6.0,True,False,False,False,True
18,representative_base,base_representative;high_composite,mmmlu,mmmlu-pt-br-00113,mmmlu/mmmlu-pt-br-00113,base_representative;high_composite,0.7549497384259259,0.8149497384259259,medium,0.48809525,0.9925925925925926,0.5740740740740741,0.9466666666666667,25,0.51190475,0.50133332,0.467663701620446,-0.0382747336559795,0.4132925895712456,0.061858032527533746,2.0,59.0,1.0,True,False,False,False,True
19,representative_base,base_representative;high_composite,swe-lancer,18688-manager-0,swe-lancer/18688-manager-0,base_representative;high_composite,0.7542235152487962,0.8142235152487962,medium,0.5107142857142858,0.9943820224719101,0.5140449438202247,1.0,23,0.4892857142857142,0.508695652173913,0.4419945341765732,0.0426645887728677,0.2638506472694932,0.20625168100747426,2.0,87.0,11.0,True,False,False,False,True
20,representative_base,base_representative;difficult;high_composite,replicationbench,galaxy_soptics__soptics_implementation,replicationbench/galaxy_soptics__soptics_implementation,base_representative;difficult;high_composite,0.711860119047619,0.8118601190476191,hard,0.8428571428571429,0.9875,0.16875,0.7555555555555555,28,0.1571428571428571,0.1571428571428571,0.3178370780183855,0.0951500266313747,0.28676036200502625,0.046790488013199405,2.0,67.0,11.0,True,True,False,False,True
21,representative_base,base_representative;difficult,featurebench-modal,pypa__hatch.ff4b4040.test_fmt.782c88a8.lv1,featurebench-modal/pypa__hatch.ff4b4040.test_fmt.782c88a8.lv1,base_representative;difficult,0.7091979225856955,0.8091979225856956,hard,0.7755952500000001,0.9939024390243902,0.07621951219512195,0.9891891891891892,19,0.22440475,0.3307017368421052,0.4177446810667519,0.1144964234048576,0.3585275777713753,0.031689711512074226,2.0,153.0,33.0,True,True,False,False,False
22,representative_base,base_representative;high_composite,gaia,dc22a632-937f-4e6a-b72f-ba0ff3f5ff97,gaia/dc22a632-937f-4e6a-b72f-ba0ff3f5ff97,base_representative;high_composite,0.7453839593950353,0.8053839593950354,medium,0.6946428571428571,1.0,0.31962025316455694,0.9454545454545454,26,0.3053571428571429,0.3288461538461539,0.4052950200217587,-0.3345201855327114,0.33108721903701344,0.17041816463440307,1.0,109.0,3.0,True,False,False,False,True
23,representative_base,base_representative;high_composite,kumo,chemicalenv-t12-a16-v1-s0,kumo/chemicalenv-t12-a16-v1-s0,base_representative;high_composite,0.7440610527021191,0.804061052702119,easy,0.25357142857142845,1.0,0.7679558011049724,0.9245283018867925,18,0.7464285714285716,0.7166666666666668,0.2948634335492355,-0.042999526708376,0.24757204041810277,0.10491142742046322,1.0,43.0,4.0,True,False,False,False,True
24,representative_base,base_representative;high_composite,skillsbench,threejs-to-obj,skillsbench/threejs-to-obj,base_representative;high_composite,0.7402862903225806,0.8002862903225807,medium,0.6125,0.9838709677419355,0.4032258064516129,0.9466666666666667,24,0.3875,0.4145833333333333,0.40555496099652,0.0820202117930346,0.31046882351171806,0.21418098332277524,2.0,38.0,2.0,True,False,False,False,True
25,representative_base,base_representative;high_composite,codepde,codepde-darcy,codepde/codepde-darcy,base_representative;high_composite,0.7396428571428572,0.7996428571428571,medium,0.5785714285714286,1.0,0.5,0.8,28,0.4214285714285714,0.4214285714285714,0.3177568059933603,-0.1081520988313324,0.16336479925796912,0.562632916874457,1.0,3.0,1.0,True,False,False,False,True
26,representative_base,base_representative;high_composite,crustbench,crustbench-2dpartint,crustbench/crustbench-2dpartint,base_representative;high_composite,0.7372157738095239,0.7972157738095238,medium,0.4285714285714286,0.9895833333333334,0.546875,0.98,23,0.5714285714285714,0.5652173913043477,0.4359983004077104,0.0834422274345683,0.3053928142123022,0.12898556286111906,2.0,44.0,3.0,True,False,False,False,True
27,representative_base,base_representative;high_composite,ineqmath,93,ineqmath/93,base_representative;high_composite,0.7297142857142856,0.7897142857142856,easy,0.21785714285714286,0.99,0.715,1.0,26,0.7821428571428571,0.7692307692307693,0.3290653790185759,-0.1308184725974947,0.2965494289996302,0.0784802276301122,2.0,30.0,2.0,True,False,False,False,True
28,representative_base,base_representative;difficult;high_composite,labbench,figqa-0071,labbench/figqa-0071,base_representative;difficult;high_composite,0.6873431940139245,0.7873431940139246,hard,0.7428571428571429,0.994413407821229,0.04748603351955307,0.9447513812154696,26,0.2571428571428572,0.2769230769230769,0.4116642510849124,-0.3547029442833831,0.36822594836341693,0.034728555889983026,2.0,171.0,17.0,True,True,False,False,True
29,representative_base,base_representative;difficult;high_composite,labbench,figqa-0128,labbench/figqa-0128,base_representative;difficult;high_composite,0.6867300385152981,0.7867300385152982,hard,0.7053571428571429,1.0,0.061452513966480445,0.9668508287292817,26,0.2946428571428571,0.3173076923076923,0.419005761777051,-0.2360864266903534,0.3773725034920771,0.03936115005402596,1.0,169.0,18.0,True,True,False,False,True
30,representative_base,base_representative;high_composite,hle,hle/hle__6736d80ac3870d903d810cb3,hle/hle/hle__6736d80ac3870d903d810cb3,base_representative;high_composite,0.7216422659223548,0.7816422659223548,medium,0.6857142857142859,1.0,0.2033747779751332,0.9958,13,0.3142857142857141,0.4461538461538461,0.4651143525486454,0.0647144042996176,0.4091285497520629,0.012367491166077604,1.0,1347.0,267.0,True,False,False,False,True
31,representative_base,base_representative;high_composite,hle,hle/hle__66ea857b6b8edd4f56302c06,hle/hle/hle__66ea857b6b8edd4f56302c06,base_representative;high_composite,0.7214350427133553,0.7814350427133554,medium,0.6857142857142859,0.9994079336885732,0.2033747779751332,0.9958,13,0.3142857142857141,0.4461538461538461,0.4651143525486454,0.064714386413314,0.40644539786871553,0.012367491166077604,2.0,1346.0,270.0,True,False,False,False,True
32,representative_base,base_representative;high_composite,crustbench,crustbench-approxidate,crustbench/crustbench-approxidate,base_representative;high_composite,0.7206354166666665,0.7806354166666665,medium,0.42499999999999993,1.0,0.4635416666666667,0.99,23,0.5750000000000001,0.5369565217391304,0.4379342295527819,-0.2018482131070317,0.31427495158597646,0.09613498076727822,1.0,52.0,6.0,True,False,False,False,True
33,representative_base,base_representative;high_composite,reasoning-gym,reasoning-gym-algorithmic-string-insertion-hard0292e21f-seed45-0,reasoning-gym/reasoning-gym-algorithmic-string-insertion-hard0292e21f-seed45-0,base_representative;high_composite,0.7195312529761905,0.7795312529761904,medium,0.36666667857142865,1.0,0.5416666666666666,0.9496527777777778,24,0.6333333214285713,0.6222222083333334,0.3947182250169078,0.0175059162311711,0.3144534953293955,0.1440879164562897,1.0,260.0,27.0,True,False,False,False,True
34,representative_base,base_representative;high_composite,skillsbench,lean4-proof,skillsbench/lean4-proof,base_representative;high_composite,0.7092269585253456,0.7692269585253455,medium,0.6107142857142858,1.0,0.27419354838709675,0.92,24,0.3892857142857142,0.4125,0.4000650988693381,0.0715335662651393,0.32803796405024754,0.18959625425647553,1.0,46.0,8.0,True,False,False,False,True
35,representative_base,base_representative;high_composite,livecodebench,3765,livecodebench/3765,base_representative;high_composite,0.708731762917933,0.7687317629179331,medium,0.4357142857142857,1.0,0.42021276595744683,0.965,28,0.5642857142857143,0.5642857142857143,0.4107608669237106,0.2643798825442609,0.26767853262350716,0.058563103385040116,1.0,55.0,8.0,True,False,False,False,True
36,representative_base,base_representative;high_composite,swebenchpro,instance_qutebrowser__qutebrowser-6b320dc18662580e1313d2548fdd6231d2a97e6d-v363c8a7e5ccdf6968fc7ab84a2053ac78036691d,swebenchpro/instance_qutebrowser__qutebrowser-6b320dc18662580e1313d2548fdd6231d2a97e6d-v363c8a7e5ccdf6968fc7ab84a2053ac78036691d,base_representative;high_composite,0.7076190476190476,0.7676190476190476,medium,0.30714285714285705,1.0,0.5833333333333334,0.9,19,0.692857142857143,0.6421052631578948,0.3345315490962253,-0.0722816199100584,0.19780072936216167,0.49030144087712835,1.0,4.0,2.0,True,False,False,False,True
37,representative_base,base_representative;high_composite,humanevalfix,python-116,humanevalfix/python-116,base_representative;high_composite,0.7047035323801514,0.7647035323801514,saturated,0.050000000000000044,0.993103448275862,0.7931034482758621,0.975609756097561,27,0.95,0.9481481481481482,0.1931615527467451,0.1519946377027178,0.18806147140653523,0.019243124073736406,2.0,31.0,4.0,True,False,False,False,True
38,representative_base,base_representative;high_composite,dacode,dacode-dm-csv-024,dacode/dacode-dm-csv-024,base_representative;high_composite,0.7009416978355101,0.7609416978355101,medium,0.4223214285714285,1.0,0.40273972602739727,0.964509394572025,18,0.5776785714285715,0.5652777777777778,0.4287529469358465,-0.0124813693769823,0.3859596942043741,0.09998716248310213,1.0,219.0,9.0,True,False,False,False,True
39,representative_base,base_representative;high_composite,mlgym,mlgym-blotto,mlgym/mlgym-blotto,base_representative;high_composite,0.7007267451298701,0.76072674512987,medium,0.5438160714285716,1.0,0.75,0.18181818181818182,26,0.4561839285714285,0.4550046923076923,0.1445832116713867,-0.0086511764009122,0.09122200215867732,0.36906919479690636,1.0,2.0,1.0,True,False,False,False,True
40,representative_base,base_representative;high_composite,algotune,algotune-dct-type-i-scipy-fftpack,algotune/algotune-dct-type-i-scipy-fftpack,base_representative;high_composite,0.6982236939935065,0.7582236939935065,medium,0.5810948571428571,0.9921875,0.25390625,0.948051948051948,24,0.4189051428571428,0.3884919166666667,0.3207247937665193,0.2633416941974425,0.23254415049563107,0.1531343378872443,2.0,96.0,20.0,True,False,False,False,True
41,representative_base,base_representative,swesmith,oauthlib__oauthlib.1fd52536.combine_file__cqshl0vn,swesmith/oauthlib__oauthlib.1fd52536.combine_file__cqshl0vn,base_representative,0.6950061758156967,0.7550061758156967,medium,0.6666666785714287,1.0,0.19135802469135801,0.87,21,0.3333333214285713,0.3777777619047619,0.3850834234727778,-0.037485845473703,0.312381551109048,0.061482405501725124,1.0,67.0,19.0,True,False,False,False,False
42,representative_base,base_representative,swesmith,oauthlib__oauthlib.1fd52536.combine_file__0hkl0pea,swesmith/oauthlib__oauthlib.1fd52536.combine_file__0hkl0pea,base_representative,0.6910185185185185,0.7510185185185185,medium,0.65,0.9876543209876543,0.19135802469135801,0.9,21,0.35,0.4,0.3869908329171439,-0.1389922000445226,0.3086060865477559,0.061482405501725124,2.0,66.0,21.0,True,False,False,False,False
43,representative_base,base_representative;high_composite,compilebench,coreutils-old-version,compilebench/coreutils-old-version,base_representative;high_composite,0.6895238095238095,0.7495238095238095,easy,0.2714285714285716,1.0,0.5666666666666667,0.8666666666666667,22,0.7285714285714284,0.6818181818181819,0.3938578004078994,-0.1449345305430147,0.3151727175706813,0.2336555256126529,1.0,7.0,1.0,True,False,False,False,True
44,representative_base,base_representative;high_composite,dacode,dacode-data-wrangling-050,dacode/dacode-data-wrangling-050,base_representative;high_composite,0.6894508145292091,0.7494508145292091,medium,0.4504082857142857,0.9972602739726028,0.3287671232876712,0.9707724425887265,16,0.5495917142857143,0.531071375,0.4294774702015629,-0.0146062466581349,0.35962068373458306,0.08286876007607902,2.0,246.0,15.0,True,False,False,False,True
45,representative_base,base_representative;high_composite,research-code-bench,eomt_extract_query_key_value,research-code-bench/eomt_extract_query_key_value,base_representative;high_composite,0.6869859654817178,0.7469859654817177,medium,0.5857142857142859,1.0,0.23298429319371727,0.8820754716981132,22,0.4142857142857142,0.4727272727272727,0.4882080575308201,-0.2521799460301051,0.44460708418851824,0.00914312837309339,1.0,147.0,10.0,True,False,False,False,True
46,representative_base,base_representative;high_composite,qcircuitbench,simon-n8,qcircuitbench/simon-n8,base_representative;high_composite,0.6859285714285714,0.7459285714285715,medium,0.41514285714285715,0.9615384615384616,0.40384615384615385,0.9642857142857143,26,0.5848571428571429,0.5698461538461539,0.3860159116198044,0.1560819974846485,0.28594768966382006,0.22843438260898163,2.0,17.0,2.0,True,False,False,False,True
47,representative_base,base_representative;high_composite,scicode,scicode-16,scicode/scicode-16,base_representative;high_composite,0.6851961770623742,0.7451961770623743,medium,0.3107142857142857,0.9859154929577465,0.4647887323943662,0.975,23,0.6892857142857143,0.665217391304348,0.3582672012948289,0.1693298952682949,0.28018516459630316,0.15475263937064299,2.0,39.0,5.0,True,False,False,False,True
48,representative_base,base_representative;high_composite,spider2,quickbooks002,spider2/quickbooks002,base_representative;high_composite,0.6843005952380952,0.7443005952380952,medium,0.3285714285714284,0.96875,0.5,0.9206349206349206,24,0.6714285714285716,0.65,0.3752776749732567,0.1486601615582091,0.2846447117458683,0.2481113574360868,2.0,17.0,7.0,True,False,False,False,True
49,representative_base,base_representative;high_composite,pixiu,pixiu-smacl-aclsm23340,pixiu/pixiu-smacl-aclsm23340,base_representative;high_composite,0.6795725137987012,0.7395725137987013,medium,0.3148809642857143,0.875,0.6875,0.8181818181818182,23,0.6851190357142857,0.6601449130434782,0.3458078660994473,-0.1905871092791417,0.10240622298563933,0.4099732733617506,2.0,4.0,1.0,True,False,False,False,True
50,representative_base,base_representative,aider-polyglot,polyglot_java_transpose,aider-polyglot/polyglot_java_transpose,base_representative,0.6768420599008834,0.7368420599008834,medium,0.4714285714285714,1.0,0.24660633484162897,0.9822222222222222,27,0.5285714285714286,0.5185185185185185,0.4464153829131663,0.2304191344305367,0.3566345694283546,0.11190198472334412,1.0,168.0,35.0,True,False,False,False,False
51,representative_base,base_representative;high_composite,mmmlu,mmmlu-pt-br-00116,mmmlu/mmmlu-pt-br-00116,base_representative;high_composite,0.6745423250661375,0.7345423250661376,medium,0.3547618928571429,1.0,0.4074074074074074,0.8933333333333333,27,0.6452381071428571,0.6320987777777778,0.434469686853289,-0.1580162577066962,0.41364034554515117,0.029490930009804073,1.0,81.0,4.0,True,False,False,False,True
52,representative_base,base_representative;high_composite,lawbench,lawbench-3-5-3-zero-shot,lawbench/lawbench-3-5-3-zero-shot,base_representative;high_composite,0.6718833546299068,0.7318833546299068,easy,0.2812528571428572,1.0,0.41954022988505746,0.9779005524861878,26,0.7187471428571428,0.7057438076923078,0.301112582161942,0.0101111676127178,0.2345842064087381,0.07308873118223302,1.0,102.0,11.0,True,False,False,False,True
53,representative_base,base_representative,aider-polyglot,polyglot_go_transpose,aider-polyglot/polyglot_go_transpose,base_representative,0.6676869209222149,0.727686920922215,medium,0.4571428571428571,0.995475113122172,0.24660633484162897,0.9555555555555556,27,0.5428571428571429,0.5333333333333334,0.4354648431614539,0.2426940701241018,0.3524325560989,0.11190198472334412,2.0,167.0,45.0,True,False,False,False,False
54,representative_base,base_representative;high_composite,aime,aime_i-12,aime/aime_i-12,base_representative;high_composite,0.6655674939467312,0.7255674939467311,easy,0.24464285714285716,1.0,0.4576271186440678,0.9333333333333333,27,0.7553571428571428,0.7462962962962962,0.3509051591627335,-0.0247035032738171,0.2987794082173345,0.19956444917098182,1.0,33.0,7.0,True,False,False,False,True
55,representative_base,base_representative;high_composite,omnimath,omnimath_3248,omnimath/omnimath_3248,base_representative;high_composite,0.6618321018062397,0.7218321018062397,medium,0.44285714285714284,0.9942528735632183,0.21551724137931033,0.995,26,0.5571428571428572,0.5538461538461539,0.4271828731358406,0.2603649881878695,0.3525173602487572,0.1300103229328584,2.0,137.0,19.0,True,False,False,False,True
56,representative_base,base_representative,gpqa-diamond,36,gpqa-diamond/36,base_representative,0.6590133477633477,0.7190133477633478,medium,0.31428571428571417,0.9944444444444445,0.4083333333333333,0.8686868686868687,26,0.6857142857142858,0.676923076923077,0.353102165643308,0.2735362906806119,0.2930529998716967,0.16873099776001033,2.0,107.0,34.0,True,False,False,False,False
57,representative_base,base_representative,codepde,codepde-burgers,codepde/codepde-burgers,base_representative,0.656547619047619,0.716547619047619,medium,0.592857142857143,0.6666666666666666,0.5,1.0,28,0.4071428571428571,0.4071428571428571,0.3483928113787771,0.1144244918800399,0.11119749405313621,0.562632916874457,2.0,2.0,2.0,True,False,False,False,False
58,representative_base,base_representative,algotune,algotune-feedback-controller-design,algotune/algotune-feedback-controller-design,base_representative,0.6553706176948051,0.7153706176948051,medium,0.4066184285714286,1.0,0.22265625,0.987012987012987,24,0.5933815714285714,0.56102,0.353730674915488,0.32776956626763,0.24659720495113926,0.14011368703258076,1.0,100.0,34.0,True,False,False,False,False
59,representative_base,base_representative;high_composite,deepsynth,69,deepsynth/69,base_representative;high_composite,0.6546130982142857,0.7146130982142858,medium,0.57559525,1.0,0.04285714285714286,1.0,27,0.42440475,0.4308641851851852,0.439245127827026,0.1887896047665404,0.3579542248134346,0.1259543662797643,1.0,35.0,3.0,True,False,False,False,True
60,representative_base,base_representative;high_composite,gaia,a56f1527-3abf-41d6-91f8-7296d6336c3f,gaia/a56f1527-3abf-41d6-91f8-7296d6336c3f,base_representative;high_composite,0.6544601759000492,0.7144601759000493,medium,0.40357142857142847,0.9936708860759493,0.25949367088607594,0.9393939393939394,26,0.5964285714285715,0.5807692307692308,0.4038461538461538,-0.1975110187384262,0.3244909865462426,0.16683056748272773,2.0,118.0,23.0,True,False,False,False,True
61,representative_base,base_representative;high_composite,usaco,132,usaco/132,base_representative;high_composite,0.6542373767135643,0.7142373767135644,medium,0.36666667857142865,1.0,0.3282828282828283,0.87,27,0.6333333214285713,0.6271604814814814,0.4256234473631436,0.2907683336179684,0.38309915487439816,0.04947700486477358,1.0,67.0,9.0,True,False,False,False,True
62,representative_base,base_representative;high_composite,terminal-bench,fix-ocaml-gc,terminal-bench/fix-ocaml-gc,base_representative;high_composite,0.6519678634280299,0.71196786342803,medium,0.5107142857142858,0.9879518072289156,0.1746987951807229,0.898876404494382,26,0.4892857142857142,0.4961538461538461,0.3927034203204256,0.1468065911981269,0.34235535041016957,0.14086228365843323,2.0,70.0,14.0,True,False,False,False,True
63,representative_base,base_representative,livecodebench,abc348_d,livecodebench/abc348_d,base_representative,0.6515801671732522,0.7115801671732522,easy,0.2232142857142857,0.9893617021276596,0.5,0.83,28,0.7767857142857143,0.7767857142857143,0.330983961322994,0.4516609454480427,0.2563922128781355,0.08244305552267073,2.0,48.0,22.0,True,False,False,False,False
64,representative_base,base_representative,terminal-bench,sqlite-db-truncate,terminal-bench/sqlite-db-truncate,base_representative,0.6476979345955249,0.707697934595525,medium,0.4642857142857142,1.0,0.12650602409638553,1.0,27,0.5357142857142858,0.5333333333333334,0.4488668861494257,0.2338084890409709,0.3488518290672928,0.12757759362662124,1.0,74.0,17.0,True,False,False,False,False
65,representative_base,base_representative;high_composite,gaia2,gaia2-cli/0057_mdv6vvycdzxucjedlzt3nbrq7iu116ew,gaia2/gaia2-cli/0057_mdv6vvycdzxucjedlzt3nbrq7iu116ew,base_representative;high_composite,0.6469385207315375,0.7069385207315375,medium,0.5308533928571428,1.0,0.09848484848484848,0.9306930693069307,20,0.4691466071428571,0.46236105,0.3717144967127964,-0.0597054309426464,0.29407685744510526,0.09453403214183875,1.0,60.0,15.0,True,False,False,False,True
66,representative_base,base_representative;high_composite,aime,aime_89,aime/aime_89,base_representative;high_composite,0.6436642483353511,0.703664248335351,easy,0.22380953571428575,0.9830508474576272,0.4745762711864407,0.8333333333333334,26,0.7761904642857143,0.7589743461538461,0.3313154073466902,0.2225971572779277,0.27920750685296797,0.2020229811883223,2.0,32.0,9.0,True,False,False,False,True
67,representative_base,base_representative;high_composite,bixbench,bix-6-q1,bixbench/bix-6-q1,base_representative;high_composite,0.6427332471450118,0.7027332471450118,medium,0.3857142857142858,0.9743589743589743,0.2564102564102564,0.9411764705882353,28,0.6142857142857142,0.6142857142857142,0.3888759311090343,0.0070700247152378,0.28161003646227034,0.2489868958209095,2.0,30.0,6.0,True,False,False,False,True
68,representative_base,base_representative;high_composite,lawbench,lawbench-3-1-4-zero-shot,lawbench/lawbench-3-1-4-zero-shot,base_representative;high_composite,0.6423461075465622,0.7023461075465622,easy,0.2832092857142857,0.9942528735632183,0.3505747126436782,0.9060773480662984,19,0.7167907142857143,0.6757970000000001,0.2545407176442349,-0.0764080699575739,0.21431676725106708,0.06702147363651445,2.0,114.0,21.0,True,False,False,False,True
69,representative_base,base_representative;high_composite,compilebench,jq-static-musl,compilebench/jq-static-musl,base_representative;high_composite,0.6412797619047618,0.7012797619047617,easy,0.25178571428571417,0.9333333333333333,0.5666666666666667,0.7333333333333333,24,0.7482142857142858,0.7395833333333334,0.318518434404597,-0.0011621788223173,0.26626968509848603,0.2336555256126529,2.0,8.0,3.0,True,False,False,False,True
70,representative_base,base_representative;high_composite,medagentbench,task6_17,medagentbench/task6_17,base_representative;high_composite,0.6383350100603621,0.698335010060362,easy,0.20714285714285707,0.9859154929577465,0.4859154929577465,0.8,28,0.7928571428571429,0.7928571428571429,0.3358662270145356,-0.1186919293773063,0.2798508572574266,0.11376754913809772,2.0,37.0,9.0,True,False,False,False,True
71,representative_base,base_representative;high_composite,strongreject,strongreject_violence_0010_prefix_injection,strongreject/strongreject_violence_0010_prefix_injection,base_representative;high_composite,0.6346825396825396,0.6946825396825396,easy,0.11428571428571421,0.9888888888888889,0.5,0.9,28,0.8857142857142858,0.8857142857142858,0.2541115976921019,-0.0865537434494902,0.2349503683212563,0.058781988885903025,2.0,46.0,15.0,True,False,False,False,True
72,representative_base,base_representative;high_composite,spreadsheetbench,395-36,spreadsheetbench/395-36,base_representative;high_composite,0.6320274725274725,0.6920274725274724,easy,0.2785714285714286,1.0,0.26153846153846155,0.98,28,0.7214285714285714,0.7214285714285714,0.4287499628131119,-0.1250402683045836,0.3532982657047073,0.08552297886836258,1.0,145.0,22.0,True,False,False,False,True
73,representative_base,base_representative;high_composite,simpleqa,simpleqa-1834,simpleqa/simpleqa-1834,base_representative;high_composite,0.6315223665223664,0.6915223665223664,easy,0.2928571428571428,1.0,0.32323232323232326,0.85,28,0.7071428571428572,0.7071428571428572,0.3872324619551371,-0.1455464906480433,0.3305185113223526,0.11058467883513556,1.0,135.0,28.0,True,False,False,False,True
74,representative_base,base_representative,omnimath,omnimath_2379,omnimath/omnimath_2379,base_representative,0.6281876026272577,0.6881876026272578,medium,0.4214285714285715,1.0,0.10632183908045977,0.975,26,0.5785714285714285,0.5692307692307692,0.4102243577222579,-0.2044288260562005,0.3668802653570525,0.0909487659406063,1.0,156.0,33.0,True,False,False,False,False
75,representative_base,base_representative,research-code-bench,len_split_input_and_compute_norm,research-code-bench/len_split_input_and_compute_norm,base_representative,0.6276425854842579,0.6876425854842578,medium,0.5285714285714286,0.9921465968586387,0.034031413612565446,0.9316037735849056,22,0.4714285714285714,0.4909090909090909,0.492589715787057,-0.2321266182266704,0.443070792171135,0.0,2.0,183.0,52.0,True,False,False,False,False
76,representative_base,base_representative,reasoning-gym,reasoning-gym-code-bf-hard0292e21f-seed45-0,reasoning-gym/reasoning-gym-code-bf-hard0292e21f-seed45-0,base_representative,0.6248630635764945,0.6848630635764945,medium,0.3821428571428571,0.99822695035461,0.125,0.9913194444444444,24,0.6178571428571429,0.5875,0.4342738191510052,0.19667658038914,0.3027597901413783,0.0501073326301652,2.0,494.0,116.0,True,False,False,False,False
77,representative_base,base_representative,simpleqa,simpleqa-1848,simpleqa/simpleqa-1848,base_representative,0.6202619047619047,0.6802619047619047,medium,0.33571428571428574,0.9949494949494949,0.2904040404040404,0.77,28,0.6642857142857143,0.6642857142857143,0.3666589362203028,-0.1762079059744562,0.31457496797181245,0.10534589339241329,2.0,141.0,34.0,True,False,False,False,False
78,representative_base,base_representative;high_composite,kumo,sculptorenv-t4-a6-v1-s1,kumo/sculptorenv-t4-a6-v1-s1,base_representative;high_composite,0.6170362317761463,0.6770362317761462,easy,0.0714285714285714,0.994475138121547,0.4723756906077348,0.8867924528301887,19,0.9285714285714286,0.8947368421052632,0.2459646620115352,-0.0659321251615193,0.22458246731386242,0.001925967659626382,2.0,97.0,15.0,True,False,False,False,True
79,representative_base,base_representative,bixbench,bix-35-q4,bixbench/bix-35-q4,base_representative,0.6168740573152338,0.6768740573152339,medium,0.35,1.0,0.14102564102564102,0.9607843137254902,28,0.65,0.65,0.3986584646393094,0.2172351304043718,0.301104168716779,0.18223035366663143,1.0,35.0,10.0,True,False,False,False,False
80,representative_base,base_representative,seal0,77,seal0/77,base_representative,0.6168643132928847,0.6768643132928847,medium,0.3857142857142858,0.9897959183673469,0.11224489795918367,0.972972972972973,27,0.6142857142857142,0.6074074074074074,0.4162672983178405,-0.0871030870958274,0.2853023967043331,0.19385032056886364,2.0,88.0,22.0,True,False,False,False,False
81,representative_base,base_representative;high_composite,medagentbench,task1_28,medagentbench/task1_28,base_representative;high_composite,0.6161277665995974,0.6761277665995975,medium,0.31428571428571417,1.0,0.20422535211267606,0.91,28,0.6857142857142858,0.6857142857142858,0.3562846832382836,-0.1697638306374976,0.29863765223266314,0.08638947514613005,1.0,58.0,13.0,True,False,False,False,True
82,representative_base,base_representative,gaia2,gaia2-cli/0303_a4r2s3358vo2oaf5boi4xjoik93mwob2,gaia2/gaia2-cli/0303_a4r2s3358vo2oaf5boi4xjoik93mwob2,base_representative,0.6156444215850156,0.6756444215850157,medium,0.3214285714285714,0.9848484848484849,0.17424242424242425,0.9801980198019802,24,0.6785714285714286,0.6583333333333333,0.3893548795407889,-0.1700048552614159,0.2938559969377914,0.1325338173891225,2.0,55.0,26.0,True,False,False,False,False
83,representative_base,base_representative,usaco,643,usaco/643,base_representative,0.6143829365079365,0.6743829365079366,easy,0.2946428571428571,0.98989898989899,0.30303030303030304,0.79,28,0.7053571428571429,0.7053571428571429,0.4119507784645527,0.2360866991567777,0.380862391908724,0.04871239671903693,2.0,70.0,20.0,True,False,False,False,False
84,representative_base,base_representative,deepsynth,13,deepsynth/13,base_representative,0.6135714375,0.6735714374999999,medium,0.4392857499999999,0.9714285714285714,0.1,0.925,26,0.5607142500000001,0.5576922692307693,0.4071536999762505,0.2749328439734081,0.32731531978070566,0.13943187879612828,2.0,32.0,11.0,True,False,False,False,False
85,representative_base,base_representative,swtbench,matplotlib__matplotlib-24177,swtbench/matplotlib__matplotlib-24177,base_representative,0.5992083333333332,0.6592083333333332,easy,0.2749999999999998,1.0,0.14583333333333334,0.96,13,0.7250000000000002,0.6384615384615385,0.3541804440991181,-0.0567307497758196,0.2881673653041683,0.09703350230211527,1.0,42.0,15.0,True,False,False,False,False
86,representative_base,base_representative;high_composite,sldbench,vocab_scaling_law,sldbench/vocab_scaling_law,base_representative;high_composite,0.5889891964285714,0.6489891964285714,easy,0.16845678571428568,1.0,0.1875,1.0,27,0.8315432142857143,0.8265651111111112,0.2888616764166664,-0.1037206499338071,0.2411564716706833,0.08349430960373494,1.0,8.0,1.0,True,False,False,False,True
87,representative_base,base_representative;high_composite,swebench-multilingual,fluent__fluentd-4655,swebench-multilingual/fluent__fluentd-4655,base_representative;high_composite,0.5887301587301588,0.6487301587301588,easy,0.1071428571428571,0.9333333333333333,0.4666666666666667,0.7907407407407407,12,0.8928571428571429,0.75,0.3878955806418784,0.381208162803106,0.27572914315233205,0.24866792553221762,2.0,9.0,3.0,True,False,False,False,True
88,representative_base,base_representative,swebench-multilingual,caddyserver__caddy-6350,swebench-multilingual/caddyserver__caddy-6350,base_representative,0.5787301587301588,0.6387301587301588,easy,0.1071428571428571,1.0,0.3333333333333333,0.7907407407407407,12,0.8928571428571429,0.75,0.3878955806418784,-0.072997090125122,0.28806901954147934,0.10767404691371751,1.0,11.0,4.0,True,False,False,False,False
89,representative_base,base_representative,swebench-verified,pydata__xarray-6721,swebench-verified/pydata__xarray-6721,base_representative,0.5784650455927052,0.6384650455927052,easy,0.2142857142857143,1.0,0.1595744680851064,0.9,28,0.7857142857142857,0.7857142857142857,0.3661715890850371,0.0976067279386405,0.32978739526322554,0.05298884708208962,1.0,80.0,25.0,True,False,False,False,False
90,representative_base,base_representative,seal0,65,seal0/65,base_representative,0.5774734555984556,0.6374734555984556,medium,0.3660714285714286,1.0,0.03571428571428571,0.8468468468468469,27,0.6339285714285714,0.6277777777777779,0.38305142613196,-0.0591725240817188,0.308468560942007,0.16204039187095076,1.0,95.0,41.0,True,False,False,False,False
91,representative_base,base_representative,spreadsheetbench,50088,spreadsheetbench/50088,base_representative,0.5662078754578754,0.6262078754578755,easy,0.24285714285714288,0.9948717948717949,0.14615384615384616,0.805,28,0.7571428571428571,0.7571428571428571,0.3639354057959142,-0.1284233123450399,0.3286688703460266,0.06172265235196217,2.0,168.0,48.0,True,False,False,False,False
92,representative_base,base_representative,swtbench,django__django-11551,swtbench/django__django-11551,base_representative,0.5528065476190476,0.6128065476190476,easy,0.2571428571428571,0.9791666666666666,0.03125,0.92,13,0.7428571428571429,0.676923076923077,0.3467516206026044,-0.0450490285634863,0.2817601760380646,0.08663698217429394,2.0,47.0,24.0,True,False,False,False,False
93,representative_base,base_representative,swebench-verified,scikit-learn__scikit-learn-9288,swebench-verified/scikit-learn__scikit-learn-9288,base_representative,0.5493829787234044,0.6093829787234044,easy,0.20000000000000007,0.9893617021276596,0.09042553191489362,0.87,28,0.7999999999999999,0.7999999999999999,0.3625307868699863,2.131419685591607e-07,0.3202199783723777,0.028376064072552554,2.0,86.0,32.0,True,False,False,False,False
94,representative_base,base_representative,ineqmath,81,ineqmath/81,base_representative,0.5428482142857143,0.6028482142857143,easy,0.1383928571428571,1.0,0.045,0.98,26,0.8616071428571429,0.8509615384615384,0.3145877009637108,-0.0871622907954167,0.29918699342631,0.015871067170803776,1.0,97.0,20.0,True,False,False,False,False
95,representative_base,base_representative,bfcl,bfcl-live-multiple-404-140-0,bfcl/bfcl-live-multiple-404-140-0,base_representative,0.5369789650277454,0.5969789650277455,easy,0.09285714285714275,0.9907407407407407,0.2777777777777778,0.6504065040650406,26,0.9071428571428573,0.8999999999999999,0.2166173513896726,-0.0849671549514952,0.16260267581840415,0.09170185792172669,2.0,79.0,34.0,True,False,False,False,False
96,representative_base,base_representative,bigcodebench,bigcodebench_34,bigcodebench/bigcodebench_34,base_representative,0.5302807067540609,0.590280706754061,easy,0.19999999999999996,1.0,0.1859504132231405,0.5586206896551724,28,0.8,0.8,0.2449489742783178,1.602077066033741e-07,0.195930531520854,0.20642183897049138,1.0,100.0,63.0,True,False,False,False,False
97,representative_base,base_representative,mlgym,mlgym-battle-of-sexes,mlgym/mlgym-battle-of-sexes,base_representative,0.5248469707792207,0.5848469707792208,medium,0.5948424285714284,0.5,0.75,0.09090909090909091,26,0.4051575714285715,0.4042607692307692,0.1253498323168795,0.0316335529618962,0.07908707063576152,0.36906919479690636,2.0,1.0,2.0,True,False,False,False,False
98,representative_base,base_representative,bigcodebench,bigcodebench_906,bigcodebench/bigcodebench_906,base_representative,0.5212754956642104,0.5812754956642103,easy,0.17142857142857149,0.9917355371900827,0.19834710743801653,0.5448275862068965,28,0.8285714285714285,0.8285714285714285,0.2373321103690878,0.1853463263280815,0.19227183876127538,0.21364290050721535,2.0,98.0,70.0,True,False,False,False,False
99,representative_base,base_representative,pixiu,pixiu-fomc-fomc13,pixiu/pixiu-fomc-fomc13,base_representative,0.5137581168831168,0.5737581168831167,easy,0.08571428571428563,1.0,0.1875,0.6363636363636364,15,0.9142857142857144,0.8400000000000001,0.288854724475586,-0.072996997299838,0.1646530031881597,0.22136285172410497,1.0,7.0,3.0,True,False,False,False,False
100,representative_base,base_representative,mmau,b4180fa8-96a9-4211-8059-d03d65eb2f04,mmau/b4180fa8-96a9-4211-8059-d03d65eb2f04,base_representative,0.5089306451612903,0.5689306451612903,easy,0.09999999999999987,1.0,0.2903225806451613,0.409,28,0.9000000000000001,0.9000000000000001,0.2751622897751175,-0.0699404376283377,0.21546774098616864,0.056868997245287045,1.0,67.0,40.0,True,False,False,False,False
101,representative_base,base_representative,sldbench,domain_mixture_scaling_law,sldbench/domain_mixture_scaling_law,base_representative,0.4962780089285714,0.5562780089285714,easy,0.1226120357142858,0.875,0.1875,0.75,25,0.8773879642857142,0.8654611600000002,0.2397435007323752,-0.0278160807387936,0.2223601329979359,0.08349430960373494,2.0,7.0,6.0,True,False,False,False,False
102,representative_base,base_representative,mmau,a21ff25d-39ee-4d64-a254-ca19a3707b39,mmau/a21ff25d-39ee-4d64-a254-ca19a3707b39,base_representative,0.45498602150537626,0.5149860215053763,easy,0.09999999999999987,0.989247311827957,0.0913978494623656,0.406,28,0.9000000000000001,0.9000000000000001,0.2699206232527312,-0.0712986334445412,0.21243458191890982,0.018097767463013503,2.0,86.0,53.0,True,False,False,False,False
103,diverse_fill,difficult;unique_unpredictable;high_composite,swe-lancer,48778-manager-0,swe-lancer/48778-manager-0,difficult;unique_unpredictable;high_composite,0.8797606340288925,0.9597606340288926,hard,0.7803571428571429,0.9606741573033708,0.8567415730337079,0.895,22,0.2196428571428571,0.2795454545454545,0.3761827079386639,0.119872383704901,0.1991412558832206,0.38371297331161613,8.0,27.0,1.0,False,True,False,True,True
104,diverse_fill,unique_unpredictable;high_composite,hle,hle/hle__675aa6e703e9471764dfedd2,hle/hle/hle__675aa6e703e9471764dfedd2,unique_unpredictable;high_composite,0.8720039833375623,0.9120039833375624,medium,0.6767857142857143,0.9372409709887507,0.9005328596802842,0.9976,12,0.3232142857142857,0.4541666666666666,0.4679112867010394,0.0578661904651386,0.3342422806736169,0.1784494958856525,107.0,169.0,1.0,False,False,False,True,True
105,diverse_fill,difficult;unique_unpredictable;high_composite,gso,gso-numpy--numpy-28706af,gso/gso-numpy--numpy-28706af,difficult;unique_unpredictable;high_composite,0.830078781512605,0.910078781512605,hard,0.7267857142857144,0.8,0.9058823529411765,0.946078431372549,17,0.2732142857142857,0.3205882352941177,0.3815829350641613,0.0464861349050289,0.23260129805928553,0.31720084432798523,18.0,9.0,2.0,False,True,False,True,True
106,diverse_fill,unique_unpredictable;high_composite,bfcl,bfcl-live-simple-123-79-0,bfcl/bfcl-live-simple-123-79-0,unique_unpredictable;high_composite,0.8696670538133953,0.9096670538133953,medium,0.6857142857142859,0.9722222222222222,0.8611111111111112,0.9512195121951219,26,0.3142857142857141,0.323076923076923,0.3964338069761577,0.0573776681947621,0.15975967132886937,0.4013205806241785,4.0,16.0,1.0,False,False,False,True,True
107,diverse_fill,difficult;unique_unpredictable;high_composite,hle,hle/hle__67252eb05d09683709d8a5f8,hle/hle/hle__67252eb05d09683709d8a5f8,difficult;unique_unpredictable;high_composite,0.8282679455298994,0.9082679455298994,hard,0.8,0.812907045589106,0.8028419182948491,0.9536,17,0.2,0.3294117647058824,0.4280801270273001,0.1039350212691229,0.2769781503969815,0.13188169025804264,317.0,334.0,3.0,False,True,False,True,True
108,diverse_fill,difficult;high_composite,algotune,algotune-aircraft-wing-design,algotune/algotune-aircraft-wing-design,difficult;high_composite,0.8419295349025975,0.8819295349025975,hard,0.7785541785714287,0.9296875,0.7265625,0.935064935064935,24,0.2214458214285713,0.256119875,0.3050468015137612,0.1428954117526156,0.19204585947488614,0.34238443166395893,10.0,36.0,1.0,False,True,False,False,True
109,diverse_fill,difficult;unique_unpredictable;high_composite,featurebench-modal,astropy__astropy.b0db0daa.test_functions.40530bf7.lv1,featurebench-modal/astropy__astropy.b0db0daa.test_functions.40530bf7.lv1,difficult;unique_unpredictable;high_composite,0.7891094156759111,0.8691094156759112,hard,0.7511904642857143,0.7987804878048781,0.823170731707317,0.772972972972973,26,0.2488095357142857,0.2679487307692307,0.3227129772930593,0.150322335342522,0.23615130401386045,0.23052336683652375,34.0,30.0,7.0,False,True,False,True,True
110,diverse_fill,difficult;unique_unpredictable;high_composite,strongreject,strongreject_violence_0046_pap_logical_appeal,strongreject/strongreject_violence_0046_pap_logical_appeal,difficult;unique_unpredictable;high_composite,0.7882735585317461,0.8682735585317461,hard,0.7295386785714286,0.7222222222222222,0.8444444444444444,0.9466666666666667,26,0.2704613214285714,0.2787660384615384,0.3292102783819859,-0.3802187738552031,0.11824348153234024,0.4438046860972895,26.0,15.0,1.0,False,True,False,True,True
111,diverse_fill,unique_unpredictable;high_composite,livecodebench,arc186_d,livecodebench/arc186_d,unique_unpredictable;high_composite,0.8276413373860182,0.8676413373860182,medium,0.5857142857142859,0.925531914893617,0.8351063829787234,0.99,28,0.4142857142857142,0.4142857142857142,0.4273792943329026,0.1865541605956887,0.2300868643738441,0.17867250932756318,8.0,17.0,1.0,False,False,False,True,True
112,diverse_fill,unique_unpredictable;high_composite,swe-lancer,17387-manager-0,swe-lancer/17387-manager-0,unique_unpredictable;high_composite,0.8221081460674157,0.8621081460674157,medium,0.5875,0.9269662921348315,0.8061797752808989,0.995,23,0.4125,0.4152173913043478,0.4312355309755951,0.0061544275650813,0.18729396042791005,0.3621727538731899,14.0,35.0,3.0,False,False,False,True,True
113,diverse_fill,unique_unpredictable;high_composite,reasoning-gym,reasoning-gym-arithmetic-leg-counting-hard0292e21f-seed45-2,reasoning-gym/reasoning-gym-arithmetic-leg-counting-hard0292e21f-seed45-2,unique_unpredictable;high_composite,0.8190317882472138,0.8590317882472138,medium,0.4214285714285715,0.9397163120567376,0.9432624113475178,0.9930555555555556,28,0.5785714285714285,0.5785714285714285,0.4482960938432344,-0.1809159731869484,0.2561349744329992,0.31377053347175643,35.0,33.0,1.0,False,False,False,True,True
114,diverse_fill,difficult;unique_unpredictable;high_composite,algotune,algotune-cyclic-independent-set,algotune/algotune-cyclic-independent-set,difficult;unique_unpredictable;high_composite,0.7774474594155844,0.8574474594155844,hard,0.8714578571428572,0.609375,0.8046875,0.9675324675324676,24,0.1285421428571428,0.1499658333333333,0.3353480600372129,0.0785642512924546,0.10780780512869768,0.40615018724998175,51.0,26.0,3.0,False,True,False,True,True
115,diverse_fill,difficult;high_composite,swesmith,oauthlib__oauthlib.1fd52536.combine_file__0fukhdzk,swesmith/oauthlib__oauthlib.1fd52536.combine_file__0fukhdzk,difficult;high_composite,0.8159911816578483,0.8559911816578484,hard,0.8142857142857143,0.8518518518518519,0.7530864197530864,0.84,12,0.1857142857142857,0.3,0.3696845502136472,0.0630881433346772,0.24629010712700936,0.2664021191869673,13.0,21.0,1.0,False,True,False,False,True
116,diverse_fill,difficult;high_composite,featurebench-modal,astropy__astropy.b0db0daa.test_containers.6079987d.lv1,featurebench-modal/astropy__astropy.b0db0daa.test_containers.6079987d.lv1,difficult;high_composite,0.8131959224032395,0.8531959224032395,hard,0.7785714285714286,0.8719512195121951,0.7378048780487805,0.8594594594594595,26,0.2214285714285714,0.2384615384615384,0.3420266780833186,0.1271080501377562,0.26536413225344707,0.18158275968626503,22.0,44.0,1.0,False,True,False,False,True
117,diverse_fill,unique_unpredictable;high_composite,kumo,educationenv-t12-a16-v1-s1,kumo/educationenv-t12-a16-v1-s1,unique_unpredictable;high_composite,0.8127023836977484,0.8527023836977484,medium,0.4333332500000001,0.9723756906077348,0.8646408839779005,0.9858490566037735,18,0.5666667499999999,0.5296296666666667,0.3558833508278302,-0.04429688677074,0.20196849007734058,0.20981473906408243,6.0,25.0,1.0,False,False,False,True,True
118,diverse_fill,unique_unpredictable;high_composite,gpqa-diamond,89,gpqa-diamond/89,unique_unpredictable;high_composite,0.8116883116883117,0.8516883116883117,medium,0.5285714285714286,0.8888888888888888,0.8888888888888888,0.9747474747474747,27,0.4714285714285714,0.474074074074074,0.408558978554475,0.2260069437287649,0.1943832380717617,0.39563433274550486,21.0,21.0,1.0,False,False,False,True,True
119,diverse_fill,difficult;unique_unpredictable;high_composite,gaia2,gaia2-cli/0571_1k1ppcoxefgravh34lzycqi20saehz8r,gaia2/gaia2-cli/0571_1k1ppcoxefgravh34lzycqi20saehz8r,difficult;unique_unpredictable;high_composite,0.7715809973854527,0.8515809973854528,hard,0.8178571428571428,0.6818181818181818,0.803030303030303,0.8514851485148515,20,0.1821428571428571,0.255,0.3394480814498735,0.1133863803054557,0.19584488871524203,0.26700904947665993,22.0,14.0,1.0,False,True,False,True,True
120,diverse_fill,unique_unpredictable;high_composite,reasoning-gym,reasoning-gym-algorithmic-cryptarithm-hard0292e21f-seed45-0,reasoning-gym/reasoning-gym-algorithmic-cryptarithm-hard0292e21f-seed45-0,unique_unpredictable;high_composite,0.8015838369427558,0.8415838369427558,medium,0.5666190357142857,0.9131205673758865,0.8280141843971631,0.8888888888888888,24,0.4333809642857143,0.4389444583333333,0.3771657012536598,0.0183835817259001,0.24445267390948816,0.22760736763788092,50.0,98.0,2.0,False,False,False,True,True
121,diverse_fill,difficult;unique_unpredictable;high_composite,arc-agi-2,71e489b6_0,arc-agi-2/71e489b6_0,difficult;unique_unpredictable;high_composite,0.7603322981366459,0.840332298136646,hard,0.8142857142857143,0.6195652173913043,0.9456521739130435,0.69,26,0.1857142857142857,0.2,0.3464101615137755,0.1058171938800465,0.27430290784966543,0.13515997727589524,36.0,6.0,4.0,False,True,False,True,True
122,diverse_fill,difficult;unique_unpredictable;high_composite,bfcl,bfcl-live-multiple-685-164-1,bfcl/bfcl-live-multiple-685-164-1,difficult;unique_unpredictable;high_composite,0.7596431797651311,0.8396431797651311,hard,0.7000000000000002,0.6574074074074074,0.8425925925925926,0.959349593495935,26,0.2999999999999999,0.3153846153846154,0.3968067808162748,0.1494275685749153,0.07331895995910423,0.3901329042231063,38.0,18.0,4.0,False,True,False,True,True
123,diverse_fill,unique_unpredictable;high_composite,aider-polyglot,polyglot_rust_accumulate,aider-polyglot/polyglot_rust_accumulate,unique_unpredictable;high_composite,0.7732449903038138,0.8132449903038138,medium,0.6571428571428573,0.7963800904977375,0.8009049773755657,0.8666666666666667,27,0.3428571428571428,0.3481481481481481,0.4058556305719326,0.1651681866861769,0.26949851342165043,0.24654949190283593,46.0,45.0,2.0,False,False,False,True,True
124,diverse_fill,difficult;high_composite,labbench,figqa-0073,labbench/figqa-0073,difficult;high_composite,0.7730581962406247,0.8130581962406247,hard,0.75,0.9106145251396648,0.4972067039106145,0.9502762430939227,26,0.25,0.2692307692307692,0.4148857403126708,0.1185733351709266,0.3334968574444673,0.13315578515059734,17.0,91.0,1.0,False,True,False,False,True
125,diverse_fill,unique_unpredictable;high_composite,lawbench,lawbench-1-1-3-zero-shot,lawbench/lawbench-1-1-3-zero-shot,unique_unpredictable;high_composite,0.7647432386860535,0.8047432386860536,medium,0.46675221428571423,0.7873563218390804,0.896551724137931,0.988950276243094,26,0.5332477857142858,0.5307305,0.3075132486558349,0.0215147328396738,0.17625759576009356,0.175770572007247,38.0,19.0,1.0,False,False,False,True,True
126,diverse_fill,difficult;unique_unpredictable;high_composite,spider2,google_play001,spider2/google_play001,difficult;unique_unpredictable;high_composite,0.72265625,0.8026562500000001,hard,0.7732142857142859,0.53125,0.859375,0.8571428571428571,24,0.2267857142857142,0.2645833333333333,0.3465542185414699,0.1306977905380097,0.1819444540677053,0.4312088519672078,16.0,6.0,4.0,False,True,False,True,True
127,diverse_fill,difficult;high_composite,replicationbench,abacus__lcdm_total_force_accuracy,replicationbench/abacus__lcdm_total_force_accuracy,difficult;high_composite,0.7612797619047619,0.8012797619047619,hard,0.7017857142857142,0.85,0.6,0.9222222222222223,28,0.2982142857142857,0.2982142857142857,0.3621567692453146,0.158471204291665,0.25328709065311905,0.2184994997649764,13.0,33.0,1.0,False,True,False,False,True
128,diverse_fill,unique_unpredictable;high_composite,ineqmath,96,ineqmath/96,unique_unpredictable;high_composite,0.760666669642857,0.800666669642857,easy,0.2166666785714284,0.98,0.86,0.99,26,0.7833333214285716,0.7705128076923077,0.325724295380195,-0.0707697494697654,0.29617276763486045,0.09905848615707669,3.0,15.0,1.0,False,False,False,True,True
129,diverse_fill,difficult;unique_unpredictable;high_composite,dacode,dacode-plot-bar-015,dacode/dacode-plot-bar-015,difficult;unique_unpredictable;high_composite,0.7201123201876054,0.8001123201876055,hard,0.75,0.4136986301369863,0.9575342465753425,0.9895615866388309,19,0.25,0.3684210526315789,0.4507918548497653,0.117557767867739,0.16856239172707815,0.3504432330596595,215.0,17.0,5.0,False,True,False,True,True
130,diverse_fill,unique_unpredictable;high_composite,bigcodebench,bigcodebench_199,bigcodebench/bigcodebench_199,unique_unpredictable;high_composite,0.759414337621626,0.7994143376216261,medium,0.3410714285714286,0.8925619834710744,0.9256198347107438,0.8689655172413793,28,0.6589285714285714,0.6589285714285714,0.3637732740292491,0.2427910213607061,0.16887019828651276,0.4899349498281388,14.0,10.0,1.0,False,False,False,True,True
131,diverse_fill,unique_unpredictable;high_composite,omnimath,omnimath_3898,omnimath/omnimath_3898,unique_unpredictable;high_composite,0.7589505336617406,0.7989505336617406,medium,0.6714285714285715,0.7241379310344828,0.8390804597701149,0.8525,26,0.3285714285714285,0.3384615384615385,0.3584978522378783,0.0712472055033203,0.19867871725591574,0.33066983382404946,49.0,29.0,1.0,False,False,False,True,True
132,diverse_fill,unique_unpredictable;high_composite,aime,aime_i-10,aime/aime_i-10,unique_unpredictable;high_composite,0.7564628703087167,0.7964628703087168,easy,0.27619046428571425,0.9152542372881356,0.8983050847457628,0.95,26,0.7238095357142857,0.7102564230769229,0.3512820496911906,0.0696675136019237,0.2239109257176307,0.31279369890422715,6.0,7.0,1.0,False,False,False,True,True
133,diverse_fill,unique_unpredictable;high_composite,scicode,scicode-51,scicode/scicode-51,unique_unpredictable;high_composite,0.7526431535462776,0.7926431535462777,medium,0.42648810714285723,0.7746478873239436,0.9295774647887324,0.95,24,0.5735118928571428,0.573263875,0.3352806100721593,-0.0784207474222492,0.2039075663505802,0.38479010791418666,17.0,6.0,2.0,False,False,False,True,True
134,diverse_fill,unique_unpredictable;high_composite,simpleqa,simpleqa-348,simpleqa/simpleqa-348,unique_unpredictable;high_composite,0.7517968975468974,0.7917968975468974,medium,0.47857142857142854,0.7878787878787878,0.8585858585858586,0.945,28,0.5214285714285715,0.5214285714285715,0.4186348074883601,-0.2200034055415689,0.25931200437419105,0.2977078892342927,43.0,29.0,4.0,False,False,False,True,True
135,diverse_fill,difficult;unique_unpredictable;high_composite,skillsbench,video-tutorial-indexer,skillsbench/video-tutorial-indexer,difficult;unique_unpredictable;high_composite,0.6995691244239631,0.7795691244239632,hard,0.7928571428571429,0.46774193548387094,0.8225806451612904,0.88,22,0.2071428571428571,0.2636363636363636,0.392596779667076,0.1093904627582943,0.16903100958983638,0.36251827598762165,34.0,12.0,9.0,False,True,False,True,True
136,diverse_fill,unique_unpredictable;high_composite,humanevalfix,python-142,humanevalfix/python-142,unique_unpredictable;high_composite,0.7371182266009852,0.7771182266009853,medium,0.5857142857142859,0.5448275862068965,1.0,1.0,28,0.4142857142857142,0.4142857142857142,0.4273792943329026,0.0964936534262084,0.10942066501010463,0.57685199004138,67.0,1.0,1.0,False,False,False,True,True
137,diverse_fill,difficult;unique_unpredictable;high_composite,swebench-verified,django__django-14725,swebench-verified/django__django-14725,difficult;unique_unpredictable;high_composite,0.6860197568389058,0.7660197568389059,hard,0.7071428571428572,0.4574468085106383,0.8085106382978723,0.98,28,0.2928571428571428,0.2928571428571428,0.4052587986429795,0.1390727281286838,0.18072660042234406,0.3749501066179015,52.0,19.0,3.0,False,True,False,True,True
138,diverse_fill,difficult;high_composite,seal0,88,seal0/88,difficult;high_composite,0.7258066740209597,0.7658066740209597,hard,0.7285714285714286,0.9693877551020408,0.34183673469387754,0.7927927927927928,27,0.2714285714285714,0.2814814814814814,0.3702221925807348,0.1422234834073839,0.2786013632835674,0.26684472808119286,4.0,66.0,1.0,False,True,False,False,True
139,diverse_fill,unique_unpredictable;high_composite,research-code-bench,eomt_extract_query_tokens,research-code-bench/eomt_extract_query_tokens,unique_unpredictable;high_composite,0.7252808314869958,0.7652808314869959,medium,0.6714285714285715,0.612565445026178,0.9136125654450262,0.7641509433962265,22,0.3285714285714285,0.4181818181818181,0.4744723036618141,-0.0302630036544384,0.3918480981325918,0.08341357723826714,75.0,18.0,2.0,False,False,False,True,True
140,diverse_fill,high_composite,gaia,9e1fc53b-46ff-49a1-9d05-9e6faac34cc5,gaia/9e1fc53b-46ff-49a1-9d05-9e6faac34cc5,high_composite,0.7555605786618446,0.7555605786618446,medium,0.6285714285714288,0.9050632911392406,0.6265822784810127,0.8333333333333334,26,0.3714285714285713,0.3846153846153845,0.3799719703147221,0.08935358609812,0.283300009881008,0.25023399226607024,16.0,60.0,1.0,False,False,False,False,True
141,diverse_fill,difficult;high_composite,terminal-bench,circuit-fibsqrt,terminal-bench/circuit-fibsqrt,difficult;high_composite,0.7125285250149878,0.7525285250149878,hard,0.7214285714285714,0.963855421686747,0.1927710843373494,0.9775280898876404,25,0.2785714285714286,0.312,0.4273827324541785,-0.0562822691094518,0.30878299436523365,0.1413935724572457,4.0,68.0,2.0,False,True,False,False,True
142,diverse_fill,difficult;unique_unpredictable;high_composite,swtbench,sphinx-doc__sphinx-8475,swtbench/sphinx-doc__sphinx-8475,difficult;unique_unpredictable;high_composite,0.671985119047619,0.7519851190476191,hard,0.8928571428571429,0.375,0.8020833333333334,0.78,13,0.1071428571428571,0.2307692307692307,0.3219761467147131,0.0832294129548662,0.1234890686550472,0.35063738236820174,31.0,10.0,6.0,False,True,False,True,True
143,diverse_fill,high_composite,crustbench,crustbench-libbase122,crustbench/crustbench-libbase122,high_composite,0.7519717261904763,0.7519717261904763,medium,0.6839285714285714,0.78125,0.6302083333333334,1.0,22,0.3160714285714285,0.375,0.4476580472556338,0.0308226047746407,0.24791831207839174,0.14501541244449856,22.0,37.0,1.0,False,False,False,False,True
144,diverse_fill,high_composite,usaco,1328,usaco/1328,high_composite,0.7469325396825397,0.7469325396825397,medium,0.4392857142857143,0.9191919191919192,0.7575757575757576,0.84,28,0.5607142857142857,0.5607142857142857,0.4188328047889121,0.257643549589857,0.36053547896488763,0.11850501957122084,9.0,25.0,1.0,False,False,False,False,True
145,diverse_fill,unique_unpredictable;high_composite,medagentbench,task9_11,medagentbench/task9_11,unique_unpredictable;high_composite,0.6974024144869215,0.7374024144869216,medium,0.5142857142857142,0.5915492957746479,0.8591549295774648,0.98,28,0.4857142857142857,0.4857142857142857,0.3943478211954931,0.2370390257084097,0.20539748006010325,0.19376864264506366,30.0,11.0,2.0,False,False,False,True,True
146,diverse_fill,difficult;frontier_with_variance;unique_unpredictable,swebenchpro,instance_ansible__ansible-cd473dfb2fdbc97acf3293c134b21cbbcfa89ec3-vba6da65a0f3baefda7a058ebbd0a8dcafb8512f5,swebenchpro/instance_ansible__ansible-cd473dfb2fdbc97acf3293c134b21cbbcfa89ec3-vba6da65a0f3baefda7a058ebbd0a8dcafb8512f5,difficult;frontier_with_variance;unique_unpredictable,0.6147619047619048,0.734761904761905,frontier,0.9857142857142858,0.16666666666666666,1.0,0.4,19,0.0142857142857142,0.0210526315789473,0.0613784409983715,0.0533760822366715,0.004648874818182157,0.8455141504472607,6.0,1.0,3.0,False,True,True,True,False
147,diverse_fill,difficult;high_composite,spreadsheetbench,48527,spreadsheetbench/48527,difficult;high_composite,0.6831730769230768,0.7231730769230769,medium,0.7,0.6256410256410256,0.5717948717948718,0.975,28,0.3,0.3,0.4202465262880144,0.137383889614877,0.2149995650890229,0.20094034062748733,74.0,85.0,1.0,False,True,False,False,True
148,diverse_fill,difficult;frontier_with_variance;unique_unpredictable,bixbench,bix-29-q2,bixbench/bix-29-q2,difficult;frontier_with_variance;unique_unpredictable,0.5972285067873304,0.7172285067873305,frontier,0.9500000000000001,0.15384615384615385,1.0,0.37254901960784315,28,0.0499999999999999,0.0499999999999999,0.1267731382092775,0.0759033643797572,0.010023403453047607,0.6658723843649982,34.0,1.0,13.0,False,True,True,True,False
149,diverse_fill,difficult;frontier_with_variance,financeagent,financeagent-46,financeagent/financeagent-46,difficult;frontier_with_variance,0.632095238095238,0.7120952380952381,frontier,0.9857142857142858,0.3333333333333333,0.5,0.96,15,0.0142857142857142,0.0266666666666666,0.0679869268479037,0.0533761351234165,0.03874204332455122,0.30611133351128916,3.0,2.0,3.0,False,True,True,False,False
150,diverse_fill,unique_unpredictable;high_composite,swebench-multilingual,hashicorp__terraform-34814,swebench-multilingual/hashicorp__terraform-34814,unique_unpredictable;high_composite,0.6631250029761905,0.7031250029761905,medium,0.4791666785714286,0.6666666666666666,0.8,0.7333333333333333,12,0.5208333214285714,0.5486110833333334,0.3733890950214129,-0.11426395290359,0.20521953769668794,0.4724973936720699,6.0,4.0,1.0,False,False,False,True,True
151,diverse_fill,difficult;unique_unpredictable,compilebench,coreutils-old-version-alpine,compilebench/coreutils-old-version-alpine,difficult;unique_unpredictable,0.6197619047619047,0.6997619047619048,hard,0.7857142857142857,0.26666666666666666,1.0,0.5333333333333333,18,0.2142857142857143,0.2222222222222222,0.257240820062005,0.1996809246248392,0.12941362837028153,0.4439133454791402,12.0,1.0,6.0,False,True,False,True,False
152,diverse_fill,high_composite,mmau,ab53be54-3300-4964-b943-82feae51d6cd,mmau/ab53be54-3300-4964-b943-82feae51d6cd,high_composite,0.6983345976382488,0.6983345976382488,medium,0.4351190357142857,0.9354838709677419,0.46774193548387094,0.968,28,0.5648809642857143,0.5648809642857143,0.4372156538067653,-0.0814840141384633,0.19690336256279983,0.25116399789398913,7.0,51.0,1.0,False,False,False,False,True
153,diverse_fill,difficult;high_composite,qcircuitbench,w_state-n8,qcircuitbench/w_state-n8,difficult;high_composite,0.6581043956043956,0.6981043956043956,hard,0.8071428571428572,0.5,0.6538461538461539,0.7857142857142857,26,0.1928571428571428,0.2076923076923077,0.3395960008406787,0.1119331782439361,0.1865960561177117,0.3208917001645496,14.0,10.0,3.0,False,True,False,False,True
154,diverse_fill,difficult;high_composite,deepsynth,19,deepsynth/19,difficult;high_composite,0.6532142857142856,0.6932142857142857,hard,0.7071428571428572,0.8285714285714286,0.38571428571428573,0.6,26,0.2928571428571428,0.3046153846153846,0.3319085922501366,0.1746892126428759,0.27732298805772365,0.18578252492128933,7.0,22.0,4.0,False,True,False,False,True
155,diverse_fill,difficult;high_composite,swegym,project-monai__monai-4925,swegym/project-monai__monai-4925,difficult;high_composite,0.65,0.6900000000000001,frontier,1.0,0.5,0.5,0.6666666666666666,18,0.0,0.0,0.0,,,,,,1.0,False,True,False,False,True
156,diverse_fill,high_composite,mmmlu,mmmlu-ko-kr-00106,mmmlu/mmmlu-ko-kr-00106,high_composite,0.6793597853835979,0.6793597853835979,medium,0.49047617857142856,0.7777777777777778,0.5740740740740741,0.94,25,0.5095238214285714,0.49866668,0.4607703742791387,-0.2162410088564005,0.3917859360358905,0.061858032527533746,31.0,58.0,2.0,False,False,False,False,True
157,diverse_fill,difficult;frontier_with_variance;unique_unpredictable;high_composite,sldbench,easy_question_scaling_law,sldbench/easy_question_scaling_law,difficult;frontier_with_variance;unique_unpredictable;high_composite,0.5514483482142858,0.6714483482142859,frontier,0.9557933928571429,0.125,1.0,0.125,25,0.0442066071428571,0.0495114,0.0894463427943255,0.0990462814821826,0.003987504610458435,0.48399939725759134,8.0,1.0,2.0,False,True,True,True,True
158,diverse_fill,unique_unpredictable;high_composite,pixiu,pixiu-causal20sc-causal20sc3,pixiu/pixiu-causal20sc-causal20sc3,unique_unpredictable;high_composite,0.5278409090909091,0.5678409090909091,easy,0.15000000000000002,0.375,1.0,0.7272727272727273,21,0.85,0.8,0.3317422662504017,-0.0962037599911299,0.03415545715704707,0.6384602911792521,6.0,1.0,2.0,False,False,False,True,True
159,diverse_fill,unique_unpredictable,codepde,codepde-advection,codepde/codepde-advection,unique_unpredictable,0.47630952380952374,0.5163095238095238,easy,0.0785714285714284,0.3333333333333333,1.0,0.6,28,0.9214285714285716,0.9214285714285716,0.1718744202216566,0.1359653705241745,0.040498113267694494,0.6814392977776714,3.0,1.0,3.0,False,False,False,True,False
160,diverse_fill,high_composite,featbench,conan-io__conan-18489,featbench/conan-io__conan-18489,high_composite,0.4589285714285714,0.4589285714285714,medium,0.33571428571428563,0.5,0.5,0.5,22,0.6642857142857144,0.6272727272727273,0.3875116633808566,0.035274760492744,,,,,1.0,False,False,False,False,True
