task_column,benchmark,task_id,observed_count,missing_count,missing_fraction,observed_mean,observed_std,observed_min,observed_max,imputed_mean,imputed_normalized_mean,imputed_normalized_std,strength_correlation,difficulty_tier,negative_count,gt_one_count,is_bounded_score_task,is_reliable_observed_task,is_discriminative_task,is_mix_candidate_pool
bixbench/bix-49-q1,bixbench,bix-49-q1,28,0,0.0,0.0428571428571428,0.0820651806648289,0.0,0.2,0.0428571428571428,0.5222329678670936,1.0,0.100503922534648,frontier,0,0,True,True,True,True
spreadsheetbench/146-49,spreadsheetbench,146-49,28,0,0.0,0.0446428571428571,0.0859186551694243,0.0,0.25,0.0446428571428571,0.5195944589079657,1.0,0.0999960527945365,frontier,0,0,True,True,True,True
swebench-verified/sphinx-doc__sphinx-9602,swebench-verified,sphinx-doc__sphinx-9602,28,0,0.0,0.0499999999999999,0.114953406710222,0.0,0.4,0.0499999999999999,0.43495883620084,1.0,0.0837079500744253,frontier,0,0,True,True,True,True
bixbench/bix-29-q2,bixbench,bix-29-q2,28,0,0.0,0.0499999999999999,0.1267731382092775,0.0,0.6,0.0499999999999999,0.3944053188733077,1.0,0.0759033643797572,frontier,0,0,True,True,True,True
bigcodebench/bigcodebench_553,bigcodebench,bigcodebench_553,28,0,0.0,0.0499999999999999,0.1267731382092775,0.0,0.6,0.0499999999999999,0.3944053188733077,1.0,0.0759033121691878,frontier,0,0,True,True,True,True
medagentbench/task7_13,medagentbench,task7_13,28,0,0.0,0.0499999999999999,0.1267731382092775,0.0,0.4,0.0499999999999999,0.3944053188733077,1.0,0.0759032570203376,frontier,0,0,True,True,True,True
seal0/29,seal0,29,28,0,0.0,0.0375,0.096939782486714,0.0,0.4,0.0375,0.3868380868828494,1.0,0.0744470618686718,frontier,0,0,True,True,True,True
mmau/0de9f80e-8070-4ede-845b-b41bfc9bdbf7,mmau,0de9f80e-8070-4ede-845b-b41bfc9bdbf7,28,0,0.0,0.0428571428571428,0.111574995370095,0.0,0.4,0.0428571428571428,0.3841106397986879,1.0,0.0739222108622451,frontier,0,0,True,True,True,True
mmau/c1e78721-e1ec-4cb8-9a09-4cc95747b587,mmau,c1e78721-e1ec-4cb8-9a09-4cc95747b587,28,0,0.0,0.0357142857142857,0.0934049773615858,0.0,0.4,0.0357142857142857,0.3823595564509364,1.0,0.0735850784528112,frontier,0,0,True,True,True,True
bigcodebench/bigcodebench_443,bigcodebench,bigcodebench_443,28,0,0.0,0.0499999999999999,0.1375811448875587,0.0,0.6,0.0499999999999999,0.3634218921558156,1.0,0.0699406941105327,frontier,0,0,True,True,True,True
bigcodebench/bigcodebench_15,bigcodebench,bigcodebench_15,28,0,0.0,0.0499999999999999,0.1375811448875587,0.0,0.6,0.0499999999999999,0.3634218921558156,1.0,0.0699406593261852,frontier,0,0,True,True,True,True
bigcodebench/bigcodebench_785,bigcodebench,bigcodebench_785,28,0,0.0,0.0214285714285714,0.0618589574131741,0.0,0.2,0.0214285714285714,0.3464101615137754,1.0,0.0666668059830643,frontier,0,0,True,True,True,True
swebench-verified/django__django-11087,swebench-verified,django__django-11087,28,0,0.0,0.0428571428571428,0.1237179148263484,0.0,0.6,0.0428571428571428,0.3464101615137753,0.9999999999999996,0.0666667831869367,frontier,0,0,True,True,True,True
replicationbench/eht_resolve__eht_ring_size,replicationbench,eht_resolve__eht_ring_size,28,0,0.0,0.0214285714285714,0.0618589574131741,0.0,0.2,0.0214285714285714,0.3464101615137754,1.0,0.0666667255205041,frontier,0,0,True,True,True,True
terminal-bench/polyglot-c-py,terminal-bench,polyglot-c-py,28,0,0.0,0.0214285714285714,0.0618589574131741,0.0,0.2,0.0214285714285714,0.3464101615137754,1.0,0.0666667109829895,frontier,0,0,True,True,True,True
simpleqa/simpleqa-1749,simpleqa,simpleqa-1749,28,0,0.0,0.0214285714285714,0.0618589574131741,0.0,0.2,0.0214285714285714,0.3464101615137754,1.0,0.0666667038523526,frontier,0,0,True,True,True,True
replicationbench/astm3__spectral_similarity_search,replicationbench,astm3__spectral_similarity_search,28,0,0.0,0.0214285714285714,0.0618589574131741,0.0,0.2,0.0214285714285714,0.3464101615137754,1.0000000000000002,0.0666666685516225,frontier,0,0,True,True,True,True
seal0/21,seal0,21,28,0,0.0,0.0428571428571428,0.1237179148263483,0.0,0.6,0.0428571428571428,0.3464101615137754,1.0,0.0666666397110672,frontier,0,0,True,True,True,True
bigcodebench/bigcodebench_928,bigcodebench,bigcodebench_928,28,0,0.0,0.0214285714285714,0.0618589574131741,0.0,0.2,0.0214285714285714,0.3464101615137754,1.0,0.0666665859370045,frontier,0,0,True,True,True,True
replicationbench/galaxy_soptics__fof_optimization_sdss,replicationbench,galaxy_soptics__fof_optimization_sdss,28,0,0.0,0.0428571428571428,0.1237179148263483,0.0,0.6,0.0428571428571428,0.3464101615137754,1.0,0.0666665541759538,frontier,0,0,True,True,True,True
bixbench/bix-16-q3,bixbench,bix-16-q3,28,0,0.0,0.0232142857142857,0.0674565241697289,0.0,0.25,0.0232142857142857,0.3441369978665919,1.0000000000000002,0.0662292573677404,frontier,0,0,True,True,True,True
spreadsheetbench/49667,spreadsheetbench,49667,28,0,0.0,0.0232142857142857,0.0674565241697289,0.0,0.25,0.0232142857142857,0.3441369978665919,1.0000000000000002,0.0662291755791296,frontier,0,0,True,True,True,True
bigcodebench/bigcodebench_964,bigcodebench,bigcodebench_964,28,0,0.0,0.0499999999999999,0.1475998451412273,0.0,0.6,0.0499999999999999,0.3387537429470791,1.0000000000000002,0.0651932281546125,frontier,0,0,True,True,True,True
mmau/c678230c-6851-4232-827b-2dc545e975b5,mmau,c678230c-6851-4232-827b-2dc545e975b5,28,0,0.0,0.0452381071428571,0.134581795551558,0.0,0.666667,0.0452381071428571,0.3361383830365563,0.9999999999999998,0.0646898324587598,frontier,0,0,True,True,True,True
replicationbench/galaxy_manifold__property_prediction,replicationbench,galaxy_manifold__property_prediction,28,0,0.0,0.0357142857142857,0.1076179940951383,0.0,0.4,0.0357142857142857,0.3318616557999859,1.0,0.063866905192919,frontier,0,0,True,True,True,True
replicationbench/chandra_representation__2dae_embedding,replicationbench,chandra_representation__2dae_embedding,28,0,0.0,0.0357142857142857,0.1076179940951383,0.0,0.4,0.0357142857142857,0.3318616557999859,1.0,0.0638668548599961,frontier,0,0,True,True,True,True
replicationbench/astm3__cross_modal_photometry_to_spectra_search,replicationbench,astm3__cross_modal_photometry_to_spectra_search,28,0,0.0,0.0285714285714285,0.0880630571852711,0.0,0.4,0.0285714285714285,0.324442842261525,1.0,0.0624391078547051,frontier,0,0,True,True,True,True
bigcodebench/bigcodebench_723,bigcodebench,bigcodebench_723,28,0,0.0,0.0499999999999999,0.156980435541685,0.0,0.6,0.0499999999999999,0.3185110286353031,1.0000000000000002,0.0612976103864895,frontier,0,0,True,True,True,True
terminal-bench/gpt2-codegolf,terminal-bench,gpt2-codegolf,28,0,0.0,0.0428571428571428,0.13477115902938,0.0,0.6,0.0428571428571428,0.317999364001908,1.0,0.061199139883932,frontier,0,0,True,True,True,True
bixbench/bix-45-q6,bixbench,bix-45-q6,28,0,0.0,0.0499999999999999,0.1658312395177699,0.0,0.8,0.0499999999999999,0.3015113445777637,1.0000000000000002,0.0580260118473032,frontier,0,0,True,True,True,True
bigcodebench/bigcodebench_574,bigcodebench,bigcodebench_574,28,0,0.0,0.0357142857142857,0.1201614560090051,0.0,0.6,0.0357142857142857,0.2972191491388821,1.0,0.0571998390314398,frontier,0,0,True,True,True,True
replicationbench/galaxy_manifold__physical_properties,replicationbench,galaxy_manifold__physical_properties,28,0,0.0,0.0142857142857142,0.0515078753637712,0.0,0.2,0.0142857142857142,0.2773500981126145,0.9999999999999998,0.0533761723340702,frontier,0,0,True,True,True,True
bigcodebench/bigcodebench_227,bigcodebench,bigcodebench_227,28,0,0.0,0.0428571428571428,0.1545236260913138,0.0,0.6,0.0428571428571428,0.2773500981126145,0.9999999999999998,0.0533761570082342,frontier,0,0,True,True,True,True
replicationbench/muse_outflows__dust_reddening,replicationbench,muse_outflows__dust_reddening,28,0,0.0,0.0428571428571428,0.1545236260913138,0.0,0.8,0.0428571428571428,0.2773500981126146,1.0,0.0533761370606019,frontier,0,0,True,True,True,True
bigcodebench/bigcodebench_360,bigcodebench,bigcodebench_360,28,0,0.0,0.0142857142857142,0.0515078753637712,0.0,0.2,0.0142857142857142,0.2773500981126145,0.9999999999999998,0.0533761194255908,frontier,0,0,True,True,True,True
livecodebench/abc363_f,livecodebench,abc363_f,28,0,0.0,0.0142857142857142,0.0515078753637712,0.0,0.2,0.0142857142857142,0.2773500981126145,0.9999999999999998,0.0533761188844616,frontier,0,0,True,True,True,True
bigcodebench/bigcodebench_100,bigcodebench,bigcodebench_100,28,0,0.0,0.0428571428571428,0.1545236260913138,0.0,0.8,0.0428571428571428,0.2773500981126146,1.0,0.0533761015940477,frontier,0,0,True,True,True,True
bigcodebench/bigcodebench_720,bigcodebench,bigcodebench_720,28,0,0.0,0.0142857142857142,0.0515078753637712,0.0,0.2,0.0142857142857142,0.2773500981126146,1.0,0.0533760998329801,frontier,0,0,True,True,True,True
mmau/77175ed4-db9c-4ad3-b8cc-4b328e01d485,mmau,77175ed4-db9c-4ad3-b8cc-4b328e01d485,28,0,0.0,0.0142857142857142,0.0515078753637712,0.0,0.2,0.0142857142857142,0.2773500981126145,0.9999999999999998,0.0533760674613131,frontier,0,0,True,True,True,True
bigcodebench/bigcodebench_82,bigcodebench,bigcodebench_82,28,0,0.0,0.0142857142857142,0.0515078753637712,0.0,0.2,0.0142857142857142,0.2773500981126145,0.9999999999999998,0.0533760594451855,frontier,0,0,True,True,True,True
swebench-verified/sympy__sympy-13852,swebench-verified,sympy__sympy-13852,28,0,0.0,0.0142857142857142,0.0515078753637712,0.0,0.2,0.0142857142857142,0.2773500981126146,1.0,0.0533760359954712,frontier,0,0,True,True,True,True
replicationbench/galaxy_manifold__svd_analysis,replicationbench,galaxy_manifold__svd_analysis,28,0,0.0,0.0499999999999999,0.1822478688881867,0.0,0.8,0.0499999999999999,0.2743516305843672,1.0000000000000002,0.0527991153861776,frontier,0,0,True,True,True,True
terminal-bench/extract-moves-from-video,terminal-bench,extract-moves-from-video,28,0,0.0,0.0499999999999999,0.1822478688881867,0.0,0.8,0.0499999999999999,0.2743516305843672,1.0000000000000002,0.0527990952267087,frontier,0,0,True,True,True,True
replicationbench/eht_resolve__eht_ring_orientation_angle,replicationbench,eht_resolve__eht_ring_orientation_angle,28,0,0.0,0.0357142857142857,0.1315139474251569,0.0,0.6,0.0357142857142857,0.2715627232967842,1.0000000000000002,0.0522623885975695,frontier,0,0,True,True,True,True
bigcodebench/bigcodebench_267,bigcodebench,bigcodebench_267,28,0,0.0,0.0357142857142857,0.1315139474251569,0.0,0.6,0.0357142857142857,0.2715627232967842,1.0000000000000002,0.0522623765927402,frontier,0,0,True,True,True,True
replicationbench/muse_outflows__electron_density,replicationbench,muse_outflows__electron_density,28,0,0.0,0.0357142857142857,0.1315139474251569,0.0,0.6,0.0357142857142857,0.2715627232967842,1.0000000000000002,0.0522623765927402,frontier,0,0,True,True,True,True
qcircuitbench/universal_2-n9,qcircuitbench,universal_2-n9,28,0,0.0,0.0232214285714285,0.0860858100018433,0.0,0.4,0.0232214285714285,0.2697474597838057,1.0,0.0519130246722783,frontier,0,0,True,True,True,True
arc-agi-2/195c6913_0,arc-agi-2,195c6913_0,28,0,0.0,0.0214285714285714,0.0817537367304257,0.0,0.4,0.0214285714285714,0.2621112169983114,1.0,0.050443440988559,frontier,0,0,True,True,True,True
replicationbench/galaxy_manifold__morphological_classification,replicationbench,galaxy_manifold__morphological_classification,28,0,0.0,0.0428571428571428,0.1635074734608514,0.0,0.8,0.0428571428571428,0.2621112169983114,1.0,0.050443440988559,frontier,0,0,True,True,True,True
replicationbench/ls_cal__antenna_temp,replicationbench,ls_cal__antenna_temp,28,0,0.0,0.0214285714285714,0.0817537367304257,0.0,0.4,0.0214285714285714,0.2621112169983113,0.9999999999999996,0.0504434313327161,frontier,0,0,True,True,True,True
swebench-verified/matplotlib__matplotlib-26208,swebench-verified,matplotlib__matplotlib-26208,28,0,0.0,0.0214285714285714,0.0817537367304257,0.0,0.4,0.0214285714285714,0.2621112169983114,1.0,0.0504433822706612,frontier,0,0,True,True,True,True
mmau/a5dfb846-f86e-4b4b-8311-5e783b9f4634,mmau,a5dfb846-f86e-4b4b-8311-5e783b9f4634,28,0,0.0,0.0214285714285714,0.0817537367304257,0.0,0.4,0.0214285714285714,0.2621112169983114,1.0,0.0504433454752301,frontier,0,0,True,True,True,True
mmau/31564584-4c55-4f17-b013-62afc898c135,mmau,31564584-4c55-4f17-b013-62afc898c135,28,0,0.0,0.0214285714285714,0.0817537367304257,0.0,0.4,0.0214285714285714,0.2621112169983114,1.0,0.0504432754463758,frontier,0,0,True,True,True,True
bigcodebench/bigcodebench_503,bigcodebench,bigcodebench_503,28,0,0.0,0.0285714285714285,0.1160576914947994,0.0,0.6,0.0285714285714285,0.2461829819586654,1.0000000000000002,0.0473780190996722,frontier,0,0,True,True,True,True
seal0/70,seal0,70,28,0,0.0,0.0285714285714285,0.1160576914947994,0.0,0.6,0.0285714285714285,0.2461829819586654,1.0,0.0473779392733077,frontier,0,0,True,True,True,True
replicationbench/bayes_cal__evidence,replicationbench,bayes_cal__evidence,28,0,0.0,0.0357142857142857,0.151691147011395,0.0,0.8,0.0357142857142857,0.2354408046740055,0.9999999999999996,0.0453107004932317,frontier,0,0,True,True,True,True
seal0/102,seal0,102,28,0,0.0,0.0357142857142857,0.151691147011395,0.0,0.8,0.0357142857142857,0.2354408046740055,1.0,0.0453106029278434,frontier,0,0,True,True,True,True
arc-agi-2/4e34c42c_0,arc-agi-2,4e34c42c_0,28,0,0.0,0.0071428571428571,0.0371153744479045,0.0,0.2,0.0071428571428571,0.1924500897298752,1.0,0.0370371224876356,frontier,0,0,True,True,True,True
bigcodebench/bigcodebench_424,bigcodebench,bigcodebench_424,28,0,0.0,0.0071428571428571,0.0371153744479045,0.0,0.2,0.0071428571428571,0.1924500897298752,1.0,0.0370371224876356,frontier,0,0,True,True,True,True
medagentbench/task3_9,medagentbench,task3_9,28,0,0.0,0.0071428571428571,0.0371153744479045,0.0,0.2,0.0071428571428571,0.1924500897298752,1.0,0.0370371224876356,frontier,0,0,True,True,True,True
replicationbench/trgb_std_candle__aseq_bseq_trgb,replicationbench,trgb_std_candle__aseq_bseq_trgb,28,0,0.0,0.0285714285714285,0.148461497791618,0.0,0.8,0.0285714285714285,0.1924500897298752,1.0,0.0370371224876356,frontier,0,0,True,True,True,True
bigcodebench/bigcodebench_177,bigcodebench,bigcodebench_177,28,0,0.0,0.0071428571428571,0.0371153744479045,0.0,0.2,0.0071428571428571,0.1924500897298752,1.0,0.0370371195986834,frontier,0,0,True,True,True,True
bigcodebench/bigcodebench_214,bigcodebench,bigcodebench_214,28,0,0.0,0.0071428571428571,0.0371153744479045,0.0,0.2,0.0071428571428571,0.1924500897298752,1.0,0.0370371195986834,frontier,0,0,True,True,True,True
bigcodebench/bigcodebench_655,bigcodebench,bigcodebench_655,28,0,0.0,0.0285714285714285,0.148461497791618,0.0,0.8,0.0285714285714285,0.1924500897298752,1.0,0.0370371195986834,frontier,0,0,True,True,True,True
mmau/1a5dd76a-7905-4a83-bd88-7ae26730656d,mmau,1a5dd76a-7905-4a83-bd88-7ae26730656d,28,0,0.0,0.0142857142857142,0.074230748895809,0.0,0.4,0.0142857142857142,0.1924500897298752,1.0,0.0370371195986834,frontier,0,0,True,True,True,True
mmau/8c017759-858f-4b9b-91b4-d551bf3388f8,mmau,8c017759-858f-4b9b-91b4-d551bf3388f8,28,0,0.0,0.0071428571428571,0.0371153744479045,0.0,0.2,0.0071428571428571,0.1924500897298752,1.0,0.0370371195986834,frontier,0,0,True,True,True,True
replicationbench/bayes_cal__nwp_set,replicationbench,bayes_cal__nwp_set,28,0,0.0,0.0142857142857142,0.074230748895809,0.0,0.4,0.0142857142857142,0.1924500897298752,1.0,0.0370371195986834,frontier,0,0,True,True,True,True
replicationbench/galaxy_soptics__millennium_data_extraction,replicationbench,galaxy_soptics__millennium_data_extraction,28,0,0.0,0.0071428571428571,0.0371153744479045,0.0,0.2,0.0071428571428571,0.1924500897298752,1.0,0.0370371195986834,frontier,0,0,True,True,True,True
seal0/43,seal0,43,28,0,0.0,0.0071428571428571,0.0371153744479045,0.0,0.2,0.0071428571428571,0.1924500897298752,1.0,0.0370371195986834,frontier,0,0,True,True,True,True
swebench-verified/django__django-10554,swebench-verified,django__django-10554,28,0,0.0,0.0071428571428571,0.0371153744479045,0.0,0.2,0.0071428571428571,0.1924500897298752,1.0,0.0370371195986834,frontier,0,0,True,True,True,True
swebench-verified/matplotlib__matplotlib-26466,swebench-verified,matplotlib__matplotlib-26466,28,0,0.0,0.0071428571428571,0.0371153744479045,0.0,0.2,0.0071428571428571,0.1924500897298752,1.0,0.0370371195986834,frontier,0,0,True,True,True,True
arc-agi-2/faa9f03d_0,arc-agi-2,faa9f03d_0,28,0,0.0,0.0071428571428571,0.0371153744479045,0.0,0.2,0.0071428571428571,0.1924500897298752,1.0,0.037037101218788,frontier,0,0,True,True,True,True
bixbench/bix-28-q6,bixbench,bix-28-q6,28,0,0.0,0.0142857142857142,0.074230748895809,0.0,0.4,0.0142857142857142,0.1924500897298752,1.0,0.037037101218788,frontier,0,0,True,True,True,True
replicationbench/ver_waves__solar_height_from_gaia_dr2,replicationbench,ver_waves__solar_height_from_gaia_dr2,28,0,0.0,0.0071428571428571,0.0371153744479045,0.0,0.2,0.0071428571428571,0.1924500897298752,1.0,0.037037101218788,frontier,0,0,True,True,True,True
seal0/28,seal0,28,28,0,0.0,0.0071428571428571,0.0371153744479045,0.0,0.2,0.0071428571428571,0.1924500897298752,1.0,0.037037101218788,frontier,0,0,True,True,True,True
swebench-verified/astropy__astropy-8707,swebench-verified,astropy__astropy-8707,28,0,0.0,0.0142857142857142,0.074230748895809,0.0,0.4,0.0142857142857142,0.1924500897298752,1.0,0.037037101218788,frontier,0,0,True,True,True,True
bigcodebench/bigcodebench_124,bigcodebench,bigcodebench_124,28,0,0.0,0.0357142857142857,0.1855768722395226,0.0,1.0,0.0357142857142857,0.1924500897298752,1.0,0.0370370856393082,frontier,0,0,True,True,True,True
replicationbench/ls_cal__nwp,replicationbench,ls_cal__nwp,28,0,0.0,0.0071428571428571,0.0371153744479045,0.0,0.2,0.0071428571428571,0.1924500897298752,1.0,0.0370370856393082,frontier,0,0,True,True,True,True
bixbench/bix-1-q1,bixbench,bix-1-q1,28,0,0.0,0.0071428571428571,0.0371153744479045,0.0,0.2,0.0071428571428571,0.1924500897298752,1.0,0.0370370564415105,frontier,0,0,True,True,True,True
bixbench/bix-36-q4,bixbench,bix-36-q4,28,0,0.0,0.0142857142857142,0.074230748895809,0.0,0.4,0.0142857142857142,0.1924500897298752,1.0,0.0370370549299628,frontier,0,0,True,True,True,True
medagentbench/task3_3,medagentbench,task3_3,28,0,0.0,0.0071428571428571,0.0371153744479045,0.0,0.2,0.0071428571428571,0.1924500897298752,1.0,0.0370370549299628,frontier,0,0,True,True,True,True
mmau/27e29e2e-28d8-45e2-be0c-697af91caa48,mmau,27e29e2e-28d8-45e2-be0c-697af91caa48,28,0,0.0,0.0142857142857142,0.074230748895809,0.0,0.4,0.0142857142857142,0.1924500897298752,1.0,0.0370370549299628,frontier,0,0,True,True,True,True
bigcodebench/bigcodebench_1012,bigcodebench,bigcodebench_1012,28,0,0.0,0.0071428571428571,0.0371153744479045,0.0,0.2,0.0071428571428571,0.1924500897298752,1.0,0.0370370528782604,frontier,0,0,True,True,True,True
replicationbench/chandra_representation__2dpca_embedding,replicationbench,chandra_representation__2dpca_embedding,28,0,0.0,0.0071428571428571,0.0371153744479045,0.0,0.2,0.0071428571428571,0.1924500897298752,1.0,0.0370370454225283,frontier,0,0,True,True,True,True
seal0/63,seal0,63,28,0,0.0,0.0071428571428571,0.0371153744479045,0.0,0.2,0.0071428571428571,0.1924500897298752,1.0,0.0370370454225283,frontier,0,0,True,True,True,True
bixbench/bix-13-q5,bixbench,bix-13-q5,28,0,0.0,0.0071428571428571,0.0371153744479045,0.0,0.2,0.0071428571428571,0.1924500897298752,1.0,0.0370370335774085,frontier,0,0,True,True,True,True
swebench-verified/django__django-13794,swebench-verified,django__django-13794,28,0,0.0,0.0071428571428571,0.0371153744479045,0.0,0.2,0.0071428571428571,0.1924500897298752,1.0,0.0370370310064355,frontier,0,0,True,True,True,True
bigcodebench/bigcodebench_998,bigcodebench,bigcodebench_998,28,0,0.0,0.0071428571428571,0.0371153744479045,0.0,0.2,0.0071428571428571,0.1924500897298752,1.0,0.0370370304917211,frontier,0,0,True,True,True,True
medagentbench/task3_28,medagentbench,task3_28,28,0,0.0,0.0071428571428571,0.0371153744479045,0.0,0.2,0.0071428571428571,0.1924500897298752,1.0,0.0370370304917211,frontier,0,0,True,True,True,True
codepde/codepde-reacdiff1d,codepde,codepde-reacdiff1d,28,0,0.0,0.0071428571428571,0.0371153744479045,0.0,0.2,0.0071428571428571,0.1924500897298752,1.0,0.0370370081043226,frontier,0,0,True,True,True,True
medagentbench/task7_20,medagentbench,task7_20,28,0,0.0,0.0499999999999999,0.1017700489198215,0.0,0.4,0.0499999999999999,0.4913036844405174,1.0,-0.2836544194816142,frontier,0,0,True,True,True,True
medagentbench/task7_12,medagentbench,task7_12,28,0,0.0,0.0357142857142857,0.0765986092483115,0.0,0.2,0.0357142857142857,0.4662524041201569,1.0,-0.4127593782260431,frontier,0,0,True,True,True,True
spreadsheetbench/59884,spreadsheetbench,59884,28,0,0.0,0.0357142857142857,0.0765986092483115,0.0,0.2,0.0357142857142857,0.4662524041201569,1.0,-0.4127593916096942,frontier,0,0,True,True,True,True
bixbench/bix-6-q5,bixbench,bix-6-q5,28,0,0.0,0.0357142857142857,0.0765986092483115,0.0,0.2,0.0357142857142857,0.4662524041201569,1.0,-0.4127595125369864,frontier,0,0,True,True,True,True
bigcodebench/bigcodebench_120,bigcodebench,bigcodebench_120,28,0,0.0,0.0,0.0,0.0,0.0,0.0,0.0,0.0,,frontier,0,0,True,True,False,True
bigcodebench/bigcodebench_17,bigcodebench,bigcodebench_17,28,0,0.0,0.0,0.0,0.0,0.0,0.0,0.0,0.0,,frontier,0,0,True,True,False,True
bigcodebench/bigcodebench_274,bigcodebench,bigcodebench_274,28,0,0.0,0.0,0.0,0.0,0.0,0.0,0.0,0.0,,frontier,0,0,True,True,False,True
bigcodebench/bigcodebench_324,bigcodebench,bigcodebench_324,28,0,0.0,0.0,0.0,0.0,0.0,0.0,0.0,0.0,,frontier,0,0,True,True,False,True
bigcodebench/bigcodebench_341,bigcodebench,bigcodebench_341,28,0,0.0,0.0,0.0,0.0,0.0,0.0,0.0,0.0,,frontier,0,0,True,True,False,True
bigcodebench/bigcodebench_346,bigcodebench,bigcodebench_346,28,0,0.0,0.0,0.0,0.0,0.0,0.0,0.0,0.0,,frontier,0,0,True,True,False,True
bigcodebench/bigcodebench_374,bigcodebench,bigcodebench_374,28,0,0.0,0.0,0.0,0.0,0.0,0.0,0.0,0.0,,frontier,0,0,True,True,False,True
bigcodebench/bigcodebench_528,bigcodebench,bigcodebench_528,28,0,0.0,0.0,0.0,0.0,0.0,0.0,0.0,0.0,,frontier,0,0,True,True,False,True
bigcodebench/bigcodebench_567,bigcodebench,bigcodebench_567,28,0,0.0,0.0,0.0,0.0,0.0,0.0,0.0,0.0,,frontier,0,0,True,True,False,True
bigcodebench/bigcodebench_594,bigcodebench,bigcodebench_594,28,0,0.0,0.0,0.0,0.0,0.0,0.0,0.0,0.0,,frontier,0,0,True,True,False,True
bigcodebench/bigcodebench_636,bigcodebench,bigcodebench_636,28,0,0.0,0.0,0.0,0.0,0.0,0.0,0.0,0.0,,frontier,0,0,True,True,False,True
bigcodebench/bigcodebench_771,bigcodebench,bigcodebench_771,28,0,0.0,0.0,0.0,0.0,0.0,0.0,0.0,0.0,,frontier,0,0,True,True,False,True
bigcodebench/bigcodebench_857,bigcodebench,bigcodebench_857,28,0,0.0,0.0,0.0,0.0,0.0,0.0,0.0,0.0,,frontier,0,0,True,True,False,True
bigcodebench/bigcodebench_915,bigcodebench,bigcodebench_915,28,0,0.0,0.0,0.0,0.0,0.0,0.0,0.0,0.0,,frontier,0,0,True,True,False,True
bigcodebench/bigcodebench_93,bigcodebench,bigcodebench_93,28,0,0.0,0.0,0.0,0.0,0.0,0.0,0.0,0.0,,frontier,0,0,True,True,False,True
bigcodebench/bigcodebench_942,bigcodebench,bigcodebench_942,28,0,0.0,0.0,0.0,0.0,0.0,0.0,0.0,0.0,,frontier,0,0,True,True,False,True
bigcodebench/bigcodebench_971,bigcodebench,bigcodebench_971,28,0,0.0,0.0,0.0,0.0,0.0,0.0,0.0,0.0,,frontier,0,0,True,True,False,True
bixbench/bix-10-q7,bixbench,bix-10-q7,28,0,0.0,0.0,0.0,0.0,0.0,0.0,0.0,0.0,,frontier,0,0,True,True,False,True
bixbench/bix-16-q1,bixbench,bix-16-q1,28,0,0.0,0.0,0.0,0.0,0.0,0.0,0.0,0.0,,frontier,0,0,True,True,False,True
bixbench/bix-22-q4,bixbench,bix-22-q4,28,0,0.0,0.0,0.0,0.0,0.0,0.0,0.0,0.0,,frontier,0,0,True,True,False,True
bixbench/bix-24-q6,bixbench,bix-24-q6,28,0,0.0,0.0,0.0,0.0,0.0,0.0,0.0,0.0,,frontier,0,0,True,True,False,True
bixbench/bix-27-q5,bixbench,bix-27-q5,28,0,0.0,0.0,0.0,0.0,0.0,0.0,0.0,0.0,,frontier,0,0,True,True,False,True
bixbench/bix-30-q1,bixbench,bix-30-q1,28,0,0.0,0.0,0.0,0.0,0.0,0.0,0.0,0.0,,frontier,0,0,True,True,False,True
bixbench/bix-31-q3,bixbench,bix-31-q3,28,0,0.0,0.0,0.0,0.0,0.0,0.0,0.0,0.0,,frontier,0,0,True,True,False,True
bixbench/bix-52-q3,bixbench,bix-52-q3,28,0,0.0,0.0,0.0,0.0,0.0,0.0,0.0,0.0,,frontier,0,0,True,True,False,True
bixbench/bix-61-q4,bixbench,bix-61-q4,28,0,0.0,0.0,0.0,0.0,0.0,0.0,0.0,0.0,,frontier,0,0,True,True,False,True
codepde/codepde-cns1d,codepde,codepde-cns1d,28,0,0.0,0.0,0.0,0.0,0.0,0.0,0.0,0.0,,frontier,0,0,True,True,False,True
livecodebench/abc397_d,livecodebench,abc397_d,28,0,0.0,0.0,0.0,0.0,0.0,0.0,0.0,0.0,,frontier,0,0,True,True,False,True
livecodebench/arc192_b,livecodebench,arc192_b,28,0,0.0,0.0,0.0,0.0,0.0,0.0,0.0,0.0,,frontier,0,0,True,True,False,True
livecodebench/arc195_c,livecodebench,arc195_c,28,0,0.0,0.0,0.0,0.0,0.0,0.0,0.0,0.0,,frontier,0,0,True,True,False,True
medagentbench/task10_21,medagentbench,task10_21,28,0,0.0,0.0,0.0,0.0,0.0,0.0,0.0,0.0,,frontier,0,0,True,True,False,True
medagentbench/task10_23,medagentbench,task10_23,28,0,0.0,0.0,0.0,0.0,0.0,0.0,0.0,0.0,,frontier,0,0,True,True,False,True
medagentbench/task10_24,medagentbench,task10_24,28,0,0.0,0.0,0.0,0.0,0.0,0.0,0.0,0.0,,frontier,0,0,True,True,False,True
medagentbench/task10_3,medagentbench,task10_3,28,0,0.0,0.0,0.0,0.0,0.0,0.0,0.0,0.0,,frontier,0,0,True,True,False,True
medagentbench/task10_6,medagentbench,task10_6,28,0,0.0,0.0,0.0,0.0,0.0,0.0,0.0,0.0,,frontier,0,0,True,True,False,True
medagentbench/task3_18,medagentbench,task3_18,28,0,0.0,0.0,0.0,0.0,0.0,0.0,0.0,0.0,,frontier,0,0,True,True,False,True
medagentbench/task3_2,medagentbench,task3_2,28,0,0.0,0.0,0.0,0.0,0.0,0.0,0.0,0.0,,frontier,0,0,True,True,False,True
medagentbench/task3_21,medagentbench,task3_21,28,0,0.0,0.0,0.0,0.0,0.0,0.0,0.0,0.0,,frontier,0,0,True,True,False,True
medagentbench/task3_24,medagentbench,task3_24,28,0,0.0,0.0,0.0,0.0,0.0,0.0,0.0,0.0,,frontier,0,0,True,True,False,True
medagentbench/task3_29,medagentbench,task3_29,28,0,0.0,0.0,0.0,0.0,0.0,0.0,0.0,0.0,,frontier,0,0,True,True,False,True
medagentbench/task5_21,medagentbench,task5_21,28,0,0.0,0.0,0.0,0.0,0.0,0.0,0.0,0.0,,frontier,0,0,True,True,False,True
medagentbench/task5_25,medagentbench,task5_25,28,0,0.0,0.0,0.0,0.0,0.0,0.0,0.0,0.0,,frontier,0,0,True,True,False,True
medagentbench/task8_1,medagentbench,task8_1,28,0,0.0,0.0,0.0,0.0,0.0,0.0,0.0,0.0,,frontier,0,0,True,True,False,True
medagentbench/task8_10,medagentbench,task8_10,28,0,0.0,0.0,0.0,0.0,0.0,0.0,0.0,0.0,,frontier,0,0,True,True,False,True
medagentbench/task8_12,medagentbench,task8_12,28,0,0.0,0.0,0.0,0.0,0.0,0.0,0.0,0.0,,frontier,0,0,True,True,False,True
medagentbench/task8_15,medagentbench,task8_15,28,0,0.0,0.0,0.0,0.0,0.0,0.0,0.0,0.0,,frontier,0,0,True,True,False,True
medagentbench/task8_19,medagentbench,task8_19,28,0,0.0,0.0,0.0,0.0,0.0,0.0,0.0,0.0,,frontier,0,0,True,True,False,True
medagentbench/task8_22,medagentbench,task8_22,28,0,0.0,0.0,0.0,0.0,0.0,0.0,0.0,0.0,,frontier,0,0,True,True,False,True
medagentbench/task8_24,medagentbench,task8_24,28,0,0.0,0.0,0.0,0.0,0.0,0.0,0.0,0.0,,frontier,0,0,True,True,False,True
medagentbench/task8_25,medagentbench,task8_25,28,0,0.0,0.0,0.0,0.0,0.0,0.0,0.0,0.0,,frontier,0,0,True,True,False,True
medagentbench/task8_3,medagentbench,task8_3,28,0,0.0,0.0,0.0,0.0,0.0,0.0,0.0,0.0,,frontier,0,0,True,True,False,True
medagentbench/task8_30,medagentbench,task8_30,28,0,0.0,0.0,0.0,0.0,0.0,0.0,0.0,0.0,,frontier,0,0,True,True,False,True
medagentbench/task8_5,medagentbench,task8_5,28,0,0.0,0.0,0.0,0.0,0.0,0.0,0.0,0.0,,frontier,0,0,True,True,False,True
medagentbench/task8_6,medagentbench,task8_6,28,0,0.0,0.0,0.0,0.0,0.0,0.0,0.0,0.0,,frontier,0,0,True,True,False,True
medagentbench/task8_7,medagentbench,task8_7,28,0,0.0,0.0,0.0,0.0,0.0,0.0,0.0,0.0,,frontier,0,0,True,True,False,True
medagentbench/task8_9,medagentbench,task8_9,28,0,0.0,0.0,0.0,0.0,0.0,0.0,0.0,0.0,,frontier,0,0,True,True,False,True
mmau/2ac88129-1a51-41fd-8443-37dd4b070b05,mmau,2ac88129-1a51-41fd-8443-37dd4b070b05,28,0,0.0,0.0,0.0,0.0,0.0,0.0,0.0,0.0,,frontier,0,0,True,True,False,True
mmau/478408b2-0f4a-45a8-86d5-8fce50796b7c,mmau,478408b2-0f4a-45a8-86d5-8fce50796b7c,28,0,0.0,0.0,0.0,0.0,0.0,0.0,0.0,0.0,,frontier,0,0,True,True,False,True
mmau/5c793ad0-ee27-4cd3-b311-1509fe746962,mmau,5c793ad0-ee27-4cd3-b311-1509fe746962,28,0,0.0,0.0,0.0,0.0,0.0,0.0,0.0,0.0,,frontier,0,0,True,True,False,True
mmau/db0ea7ab-5514-474e-a0d5-32a0e6c76a7c,mmau,db0ea7ab-5514-474e-a0d5-32a0e6c76a7c,28,0,0.0,0.0,0.0,0.0,0.0,0.0,0.0,0.0,,frontier,0,0,True,True,False,True
mmau/f70735c6-959b-4fda-bb18-e92f89443bd9,mmau,f70735c6-959b-4fda-bb18-e92f89443bd9,28,0,0.0,0.0,0.0,0.0,0.0,0.0,0.0,0.0,,frontier,0,0,True,True,False,True
mmmlu/mmmlu-it-it-00080,mmmlu,mmmlu-it-it-00080,28,0,0.0,0.0,0.0,0.0,0.0,0.0,0.0,0.0,,frontier,0,0,True,True,False,True
mmmlu/mmmlu-yo-ng-00140,mmmlu,mmmlu-yo-ng-00140,28,0,0.0,0.0,0.0,0.0,0.0,0.0,0.0,0.0,,frontier,0,0,True,True,False,True
replicationbench/astm3__modality_importance_rot_class_accuracy,replicationbench,astm3__modality_importance_rot_class_accuracy,28,0,0.0,0.0,0.0,0.0,0.0,0.0,0.0,0.0,,frontier,0,0,True,True,False,True
replicationbench/eht_resolve__eht_reconstruction,replicationbench,eht_resolve__eht_reconstruction,28,0,0.0,0.0,0.0,0.0,0.0,0.0,0.0,0.0,,frontier,0,0,True,True,False,True
replicationbench/galaxy_manifold__manifold_recovery,replicationbench,galaxy_manifold__manifold_recovery,28,0,0.0,0.0,0.0,0.0,0.0,0.0,0.0,0.0,,frontier,0,0,True,True,False,True
replicationbench/galaxy_soptics__shi_catalog_acquisition,replicationbench,galaxy_soptics__shi_catalog_acquisition,28,0,0.0,0.0,0.0,0.0,0.0,0.0,0.0,0.0,,frontier,0,0,True,True,False,True
replicationbench/hubble_trails__satellite_fractions_increase,replicationbench,hubble_trails__satellite_fractions_increase,28,0,0.0,0.0,0.0,0.0,0.0,0.0,0.0,0.0,,frontier,0,0,True,True,False,True
replicationbench/muse_outflows__narrow_and_broad_line_decomposition_for_j080427,replicationbench,muse_outflows__narrow_and_broad_line_decomposition_for_j080427,28,0,0.0,0.0,0.0,0.0,0.0,0.0,0.0,0.0,,frontier,0,0,True,True,False,True
seal0/35,seal0,35,28,0,0.0,0.0,0.0,0.0,0.0,0.0,0.0,0.0,,frontier,0,0,True,True,False,True
seal0/36,seal0,36,28,0,0.0,0.0,0.0,0.0,0.0,0.0,0.0,0.0,,frontier,0,0,True,True,False,True
seal0/44,seal0,44,28,0,0.0,0.0,0.0,0.0,0.0,0.0,0.0,0.0,,frontier,0,0,True,True,False,True
seal0/68,seal0,68,28,0,0.0,0.0,0.0,0.0,0.0,0.0,0.0,0.0,,frontier,0,0,True,True,False,True
spreadsheetbench/39903,spreadsheetbench,39903,28,0,0.0,0.0,0.0,0.0,0.0,0.0,0.0,0.0,,frontier,0,0,True,True,False,True
spreadsheetbench/46646,spreadsheetbench,46646,28,0,0.0,0.0,0.0,0.0,0.0,0.0,0.0,0.0,,frontier,0,0,True,True,False,True
spreadsheetbench/59734,spreadsheetbench,59734,28,0,0.0,0.0,0.0,0.0,0.0,0.0,0.0,0.0,,frontier,0,0,True,True,False,True
swebench-verified/django__django-14011,swebench-verified,django__django-14011,28,0,0.0,0.0,0.0,0.0,0.0,0.0,0.0,0.0,,frontier,0,0,True,True,False,True
swebench-verified/django__django-14155,swebench-verified,django__django-14155,28,0,0.0,0.0,0.0,0.0,0.0,0.0,0.0,0.0,,frontier,0,0,True,True,False,True
swebench-verified/pylint-dev__pylint-4661,swebench-verified,pylint-dev__pylint-4661,28,0,0.0,0.0,0.0,0.0,0.0,0.0,0.0,0.0,,frontier,0,0,True,True,False,True
swesmith/oauthlib__oauthlib.1fd52536.combine_file__78ba7zwz,swesmith,oauthlib__oauthlib.1fd52536.combine_file__78ba7zwz,28,0,0.0,0.0,0.0,0.0,0.0,0.0,0.0,0.0,,frontier,0,0,True,True,False,True
terminal-bench/filter-js-from-html,terminal-bench,filter-js-from-html,28,0,0.0,0.0,0.0,0.0,0.0,0.0,0.0,0.0,,frontier,0,0,True,True,False,True
terminal-bench/polyglot-rust-c,terminal-bench,polyglot-rust-c,28,0,0.0,0.0,0.0,0.0,0.0,0.0,0.0,0.0,,frontier,0,0,True,True,False,True
usaco/646,usaco,646,28,0,0.0,0.0,0.0,0.0,0.0,0.0,0.0,0.0,,frontier,0,0,True,True,False,True
labbench/figqa-0161,labbench,figqa-0161,27,1,0.0357142857142857,0.037037037037037,0.0776895443089001,0.0,0.2,0.0357142857142857,0.4597051769576962,0.9859577621378368,0.0897303178736507,frontier,0,0,True,True,True,True
algotune/algotune-convolve-1d,algotune,algotune-convolve-1d,27,1,0.0357142857142857,0.0005807037037037,0.001277709432418,0.0,0.004391,0.0005599642857142,0.4382563605674976,0.9855959453697744,0.0855751273428869,frontier,0,0,True,True,False,True
labbench/figqa-0137,labbench,figqa-0137,27,1,0.0357142857142857,0.0444444444444444,0.0993807989999906,0.0,0.4,0.0428571428571428,0.4312416813749594,0.9854813389343072,0.0842151635649742,frontier,0,0,True,True,True,True
algotune/algotune-lp-centering,algotune,algotune-lp-centering,27,1,0.0357142857142857,0.0245079259259259,0.0507529673271724,0.0,0.199418,0.0236412142857142,1.1821481794202868,2.5279224793919752,0.0839396094546519,frontier,0,0,True,True,True,True
seal0/55,seal0,55,27,1,0.0357142857142857,0.0296296296296296,0.0710493559009291,0.0,0.2,0.0285714285714285,0.402134941395787,0.9850254141636948,0.0785674882223718,frontier,0,0,True,True,True,True
aider-polyglot/polyglot_python_tree-building,aider-polyglot,polyglot_python_tree-building,27,1,0.0357142857142857,0.037037037037037,0.09486109981382,0.0,0.4,0.0357142857142857,0.3764903188386038,0.9846499518233288,0.0735851736657696,frontier,0,0,True,True,True,True
seal0/27,seal0,27,27,1,0.0357142857142857,0.0481481481481481,0.1258169463071335,0.0,0.5,0.0464285714285714,0.3690168358977175,0.9845451612178168,0.0721321810743652,frontier,0,0,True,True,True,True
labbench/figqa-0055,labbench,figqa-0055,27,1,0.0357142857142857,0.0518518518518518,0.1397626834378756,0.0,0.6,0.0499999999999999,0.3577492845021464,0.9843911228902056,0.0699405545200506,frontier,0,0,True,True,True,True
labbench/figqa-0050,labbench,figqa-0050,27,1,0.0357142857142857,0.0222222222222222,0.0628539361054709,0.0,0.2,0.0214285714285714,0.3409264837863711,0.9841699859396698,0.0666667193499597,frontier,0,0,True,True,True,True
labbench/figqa-0152,labbench,figqa-0152,27,1,0.0357142857142857,0.0444444444444444,0.1257078722109418,0.0,0.6,0.0428571428571428,0.3409264837863711,0.9841699859396696,0.0666666132682221,frontier,0,0,True,True,True,True
aider-polyglot/polyglot_java_series,aider-polyglot,polyglot_java_series,27,1,0.0357142857142857,0.0296296296296296,0.0895040442488487,0.0,0.4,0.0285714285714285,0.319219414175199,0.9839003133805752,0.0624391742467584,frontier,0,0,True,True,True,True
aider-polyglot/polyglot_go_beer-song,aider-polyglot,polyglot_go_beer-song,27,1,0.0357142857142857,0.0296296296296296,0.0895040442488487,0.0,0.4,0.0285714285714285,0.319219414175199,0.9839003133805752,0.0624391684720299,frontier,0,0,True,True,True,True
seal0/85,seal0,85,27,1,0.0357142857142857,0.0296296296296296,0.0895040442488487,0.0,0.4,0.0285714285714285,0.319219414175199,0.983900313380575,0.0624390270814716,frontier,0,0,True,True,True,True
arc-agi-2/e12f9a14_0,arc-agi-2,e12f9a14_0,27,1,0.0357142857142857,0.0444444444444444,0.136986977843755,0.0,0.6,0.0428571428571428,0.3128555978950421,0.9838246025333716,0.0611991390883276,frontier,0,0,True,True,True,True
aider-polyglot/polyglot_rust_react,aider-polyglot,polyglot_rust_react,27,1,0.0357142857142857,0.0444444444444444,0.136986977843755,0.0,0.6,0.0428571428571428,0.3128555978950421,0.9838246025333716,0.0611991077355112,frontier,0,0,True,True,True,True
arc-agi-2/a32d8b75_1,arc-agi-2,a32d8b75_1,27,1,0.0357142857142857,0.0518518518518518,0.1685897285443117,0.0,0.8,0.0499999999999999,0.2965779732355291,0.983637858306316,0.0580260118473032,frontier,0,0,True,True,True,True
arc-agi-2/800d221b_0,arc-agi-2,800d221b_0,27,1,0.0357142857142857,0.037037037037037,0.1221660926108936,0.0,0.6,0.0357142857142857,0.2923420480348656,0.9835908920466716,0.0571999709403802,frontier,0,0,True,True,True,True
arc-agi-2/2b83f449_0,arc-agi-2,2b83f449_0,27,1,0.0357142857142857,0.0148148148148148,0.0523782800878924,0.0,0.2,0.0142857142857142,0.2727411870290969,0.9833823347643228,0.0533761570082342,frontier,0,0,True,True,True,True
omnimath/omnimath_412,omnimath,omnimath_412,27,1,0.0357142857142857,0.0148148148148148,0.0523782800878924,0.0,0.2,0.0142857142857142,0.2727411870290969,0.9833823347643228,0.0533761399624031,frontier,0,0,True,True,True,True
terminal-bench/torch-pipeline-parallelism,terminal-bench,torch-pipeline-parallelism,27,1,0.0357142857142857,0.0148148148148148,0.0523782800878924,0.0,0.2,0.0142857142857142,0.2727411870290969,0.9833823347643228,0.0533761351234165,frontier,0,0,True,True,True,True
omnimath/omnimath_2428,omnimath,omnimath_2428,27,1,0.0357142857142857,0.0148148148148148,0.0523782800878924,0.0,0.2,0.0142857142857142,0.2727411870290969,0.9833823347643228,0.0533761194255908,frontier,0,0,True,True,True,True
omnimath/omnimath_378,omnimath,omnimath_378,27,1,0.0357142857142857,0.0148148148148148,0.0523782800878924,0.0,0.2,0.0142857142857142,0.2727411870290969,0.9833823347643228,0.0533760517557984,frontier,0,0,True,True,True,True
seal0/26,seal0,26,27,1,0.0357142857142857,0.0166666666666666,0.0593171014001739,0.0,0.25,0.0160714285714285,0.2709408954932757,0.9833639026239922,0.0530247034202207,frontier,0,0,True,True,True,True
