left,right,spearman,abs_spearman
spreadsheetbench,terminal-bench,0.9128233286522855,0.9128233286522855
deepsynth,replicationbench,0.90311986863711,0.90311986863711
mmmlu,research-code-bench,0.8998767717442231,0.8998767717442231
aime,omnimath,0.8906528070268478,0.8906528070268478
deepsynth,terminal-bench,0.8872468527640941,0.8872468527640941
spreadsheetbench,gaia2,0.8692442375266664,0.8692442375266664
deepsynth,spider2,0.8673150054112737,0.8673150054112737
aider-polyglot,algotune,0.8593322386425835,0.8593322386425835
aider-polyglot,deepsynth,0.8549534756431308,0.8549534756431308
replicationbench,skillsbench,0.8545230680816899,0.8545230680816899
gpqa-diamond,scicode,0.8544814818059101,0.8544814818059101
swebench-verified,terminal-bench,0.8419324014795894,0.8419324014795894
aider-polyglot,replicationbench,0.8412698412698413,0.8412698412698413
spreadsheetbench,featurebench-modal,0.839742720331398,0.839742720331398
deepsynth,spreadsheetbench,0.8391953000443501,0.8391953000443501
arc-agi-2,humanevalfix,0.8390567552736952,0.8390567552736952
arc-agi-2,qcircuitbench,0.8381268236165974,0.8381268236165974
aider-polyglot,qcircuitbench,0.8379857690202518,0.8379857690202518
swesmith,gaia2,0.8376054467118649,0.8376054467118649
bixbench,skillsbench,0.8370347774480213,0.8370347774480213
spreadsheetbench,spider2,0.8337443047715968,0.8337443047715968
spreadsheetbench,swesmith,0.8337210971738717,0.8337210971738717
aider-polyglot,swe-lancer,0.8319649698960043,0.8319649698960043
aime,gpqa-diamond,0.8303229337712096,0.8303229337712096
qcircuitbench,scicode,0.8289950232401789,0.8289950232401789
spreadsheetbench,swebench-verified,0.8283602518477964,0.8283602518477964
livecodebench,replicationbench,0.8275862068965517,0.8275862068965517
swe-lancer,skillsbench,0.8266046334422497,0.8266046334422497
qcircuitbench,terminal-bench,0.8264915161466886,0.8264915161466886
deepsynth,qcircuitbench,0.8243021346469622,0.8243021346469622
swe-lancer,terminal-bench,0.8243021346469622,0.8243021346469622
deepsynth,swe-lancer,0.8237547892720306,0.8237547892720306
qcircuitbench,algotune,0.8226600985221675,0.8226600985221675
aider-polyglot,terminal-bench,0.8199233716475096,0.8199233716475096
bixbench,swe-lancer,0.8151304314532349,0.8151304314532349
gpqa-diamond,lawbench,0.8149972632731254,0.8149972632731254
humanevalfix,livecodebench,0.8131205150928748,0.8131205150928748
deepsynth,humanevalfix,0.8117483913752019,0.8117483913752019
arc-agi-2,terminal-bench,0.8115587511032608,0.8115587511032608
swesmith,spider2,0.810352100098503,0.810352100098503
aider-polyglot,livecodebench,0.8095238095238095,0.8095238095238095
spider2,gaia2,0.8077347769967337,0.8077347769967337
gso,swebenchpro,0.8051507084994374,0.8051507084994374
deepsynth,livecodebench,0.8040503557744937,0.8040503557744937
bixbench,deepsynth,0.8036188382719855,0.8036188382719855
aider-polyglot,spider2,0.8026840166910146,0.8026840166910146
gpqa-diamond,omnimath,0.8022444306686204,0.8022444306686204
bixbench,replicationbench,0.8017002394084439,0.8017002394084439
swe-lancer,spider2,0.8013147160825346,0.8013147160825346
deepsynth,gaia2,0.8008779827526404,0.8008779827526404
livecodebench,qcircuitbench,0.7974822112753147,0.7974822112753147
aider-polyglot,lawbench,0.7947454844006568,0.7947454844006568
terminal-bench,gaia2,0.7926554161946051,0.7926554161946051
bixbench,spider2,0.7926497472056232,0.7926497472056232
deepsynth,skillsbench,0.7891063437794721,0.7891063437794721
spreadsheetbench,swe-lancer,0.7882852133489003,0.7882852133489003
gpqa-diamond,qcircuitbench,0.7881773399014779,0.7881773399014779
aider-polyglot,bixbench,0.7879959618117184,0.7879959618117184
compilebench,terminal-bench,0.7866837053127423,0.7866837053127423
deepsynth,seal0,0.7854406130268199,0.7854406130268199
featurebench-modal,gaia2,0.7852551062923733,0.7852551062923733
simpleqa,hle,0.7852136613237014,0.7852136613237014
replicationbench,spider2,0.7851569689024698,0.7851569689024698
compilebench,spreadsheetbench,0.7845989915431105,0.7845989915431105
deepsynth,gaia,0.7798001988996587,0.7798001988996587
bixbench,terminal-bench,0.778677053045945,0.778677053045945
qcircuitbench,replicationbench,0.7777777777777778,0.7777777777777778
lawbench,algotune,0.7777777777777778,0.7777777777777778
swebench-verified,featurebench-modal,0.7770630974644194,0.7770630974644194
seal0,hle,0.7741387154658214,0.7741387154658214
lawbench,qcircuitbench,0.7739463601532567,0.7739463601532567
terminal-bench,featurebench-modal,0.7728516694033936,0.7728516694033936
replicationbench,swe-lancer,0.7723043240284619,0.7723043240284619
humanevalfix,gaia2,0.7713349309950515,0.7713349309950515
kumo,spreadsheetbench,0.7712390700879829,0.7712390700879829
humanevalfix,terminal-bench,0.7705846798450193,0.7705846798450193
deepsynth,algotune,0.7701149425287356,0.7701149425287356
kumo,terminal-bench,0.7694869808708811,0.7694869808708811
bixbench,spreadsheetbench,0.7694634420489915,0.7694634420489915
lawbench,spider2,0.7681776413573169,0.7681776413573169
deepsynth,kumo,0.7678404324096738,0.7678404324096738
aime,mmau,0.7646414887794198,0.7646414887794198
arc-agi-2,swe-lancer,0.7636266615173443,0.7636266615173443
gpqa-diamond,seal0,0.7635467980295566,0.7635467980295566
swe-lancer,gaia2,0.7633282621376124,0.7633282621376124
arc-agi-2,crustbench,0.7630138131752855,0.7630138131752855
deepsynth,featurebench-modal,0.7629994526546251,0.7629994526546251
swe-lancer,scicode,0.7621273254978307,0.7621273254978307
bixbench,swebench-verified,0.7605544424527706,0.7605544424527706
terminal-bench,spider2,0.7599618377064365,0.7599618377064365
featurebench-modal,spider2,0.7591402573413485,0.7591402573413485
aider-polyglot,gpqa-diamond,0.7580733442802409,0.7580733442802409
arc-agi-2,livecodebench,0.7570531178027043,0.7570531178027043
qcircuitbench,swe-lancer,0.7569786535303776,0.7569786535303776
simpleqa,gaia,0.7554399961260294,0.7554399961260294
lawbench,scicode,0.7528096954845526,0.7528096954845526
livecodebench,omnimath,0.7502395033990749,0.7502395033990749
humanevalfix,spider2,0.7491434260578389,0.7491434260578389
livecodebench,usaco,0.7485972425379314,0.7485972425379314
aider-polyglot,seal0,0.7482211275314724,0.7482211275314724
algotune,swebenchpro,0.7481232884149429,0.7481232884149429
bixbench,gaia2,0.7462256382102662,0.7462256382102662
replicationbench,algotune,0.7454844006568144,0.7454844006568144
crustbench,skillsbench,0.7448323136182059,0.7448323136182059
deepsynth,gpqa-diamond,0.7438423645320197,0.7438423645320197
terminal-bench,scicode,0.7429439695881406,0.7429439695881406
humanevalfix,qcircuitbench,0.7414956570303569,0.7414956570303569
kumo,swesmith,0.7403979580562187,0.7403979580562187
terminal-bench,skillsbench,0.739017387514594,0.739017387514594
replicationbench,terminal-bench,0.7389162561576355,0.7389162561576355
compilebench,swe-lancer,0.7376358532573676,0.7376358532573676
arc-agi-2,deepsynth,0.7373324866587844,0.7373324866587844
kumo,qcircuitbench,0.7360071621596659,0.7360071621596659
lawbench,medagentbench,0.735632183908046,0.735632183908046
aider-polyglot,arc-agi-2,0.7354152030753477,0.7354152030753477
kumo,spider2,0.7337651152589976,0.7337651152589976
humanevalfix,replicationbench,0.7335373394678549,0.7335373394678549
aime,seal0,0.7307060755336617,0.7307060755336617
aime,humanevalfix,0.7299698178019057,0.7299698178019057
compilebench,deepsynth,0.7296895532037035,0.7296895532037035
aider-polyglot,skillsbench,0.7294375324912566,0.7294375324912566
humanevalfix,spreadsheetbench,0.7293835689533148,0.7293835689533148
gpqa-diamond,algotune,0.7285166940339354,0.7285166940339354
seal0,simpleqa,0.7285166940339354,0.7285166940339354
spider2,gaia,0.7266503418393713,0.7266503418393713
humanevalfix,swe-lancer,0.7258534466488875,0.7258534466488875
gpqa-diamond,mmau,0.7252326217843459,0.7252326217843459
terminal-bench,algotune,0.7235905856595511,0.7235905856595511
swe-lancer,swebench-verified,0.7234159093337303,0.7234159093337303
aider-polyglot,humanevalfix,0.7233836239570766,0.7233836239570766
aime,deepsynth,0.7214012041598249,0.7214012041598249
livecodebench,swe-lancer,0.7214012041598249,0.7214012041598249
replicationbench,gso,0.7196328442497011,0.7196328442497011
aider-polyglot,scicode,0.7191017986718115,0.7191017986718115
omnimath,gaia,0.7185874623597044,0.7185874623597044
aider-polyglot,swebench-verified,0.7182154166067758,0.7182154166067758
bixbench,featurebench-modal,0.7181041460684181,0.7181041460684181
replicationbench,hle,0.7176564915906326,0.7176564915906326
bixbench,kumo,0.7173291180819826,0.7173291180819826
deepsynth,swesmith,0.7170224411603722,0.7170224411603722
kumo,seal0,0.7162485806251782,0.7162485806251782
bixbench,gso,0.7159805853413103,0.7159805853413103
omnimath,seal0,0.7157520253150605,0.7157520253150605
swe-lancer,crustbench,0.7155762655197498,0.7155762655197498
gpqa-diamond,medagentbench,0.7142857142857143,0.7142857142857143
aider-polyglot,spreadsheetbench,0.7138360543103931,0.7138360543103931
replicationbench,crustbench,0.7133862846000261,0.7133862846000261
mmau,reasoning-gym,0.7131910235358512,0.7131910235358512
gpqa-diamond,terminal-bench,0.7131910235358512,0.7131910235358512
mmau,scicode,0.7127986960157704,0.7127986960157704
skillsbench,gaia2,0.7116234754396802,0.7116234754396802
livecodebench,seal0,0.7110016420361248,0.7110016420361248
algotune,gso,0.7101713142015612,0.7101713142015612
qcircuitbench,spider2,0.7101192955577622,0.7101192955577622
livecodebench,terminal-bench,0.7099069512862616,0.7099069512862616
qcircuitbench,spreadsheetbench,0.7097304021575341,0.7097304021575341
swebench-verified,gaia2,0.7095675524559368,0.7095675524559368
swesmith,terminal-bench,0.7093596059113301,0.7093596059113301
humanevalfix,gaia,0.7086616651128725,0.7086616651128725
deepsynth,lawbench,0.7077175697865353,0.7077175697865353
compilebench,featurebench-modal,0.7074947151227797,0.7074947151227797
spider2,skillsbench,0.7074775096008654,0.7074775096008654
seal0,terminal-bench,0.7071702244116037,0.7071702244116037
aider-polyglot,hle,0.7071352930256465,0.7071352930256465
replicationbench,gaia,0.7069933007222949,0.7069933007222949
algotune,spider2,0.706559113975714,0.706559113975714
arc-agi-2,scicode,0.7062535346716482,0.7062535346716482
humanevalfix,crustbench,0.7060136834793104,0.7060136834793104
arc-agi-2,spider2,0.7054954156970633,0.7054954156970633
reasoning-gym,scicode,0.7048513057103274,0.7048513057103274
aime,qcircuitbench,0.7044334975369458,0.7044334975369458
compilebench,skillsbench,0.7043029718008362,0.7043029718008362
compilebench,gaia2,0.7036224194690832,0.7036224194690832
gpqa-diamond,livecodebench,0.7033388067870826,0.7033388067870826
livecodebench,hle,0.7032590619753885,0.7032590619753885
arc-agi-2,replicationbench,0.7019996891925945,0.7019996891925945
skillsbench,gso,0.7013623231675402,0.7013623231675402
replicationbench,simpleqa,0.6995073891625616,0.6995073891625616
bixbench,swebenchpro,0.6985213140449418,0.6985213140449418
aime,livecodebench,0.6984126984126984,0.6984126984126984
crustbench,dacode,0.6974674945570224,0.6974674945570224
arc-agi-2,dacode,0.697164935435174,0.697164935435174
kumo,gaia2,0.6961665349048514,0.6961665349048514
arc-agi-2,spreadsheetbench,0.6949734543021754,0.6949734543021754
replicationbench,gaia2,0.6948068741539848,0.6948068741539848
compilebench,spider2,0.6939951687919284,0.6939951687919284
aider-polyglot,gso,0.6934744964695496,0.6934744964695496
algotune,scicode,0.6933412921645133,0.6933412921645133
swesmith,featurebench-modal,0.6918445539135194,0.6918445539135194
deepsynth,crustbench,0.6917602230177535,0.6917602230177535
humanevalfix,reasoning-gym,0.6910015042199995,0.6910015042199995
aider-polyglot,simpleqa,0.6896551724137931,0.6896551724137931
lawbench,terminal-bench,0.6891078270388615,0.6891078270388615
arc-agi-2,skillsbench,0.6881250757615549,0.6881250757615549
deepsynth,swebench-verified,0.6881073008191442,0.6881073008191442
kumo,lawbench,0.6860618588363776,0.6860618588363776
compilebench,swebench-verified,0.6859417659212036,0.6859417659212036
swe-lancer,featurebench-modal,0.685823754789272,0.685823754789272
humanevalfix,dacode,0.6851951382472061,0.6851951382472061
humanevalfix,omnimath,0.6849206759446838,0.6849206759446838
swe-lancer,algotune,0.6847290640394089,0.6847290640394089
lawbench,swe-lancer,0.6836343732895457,0.6836343732895457
livecodebench,scicode,0.6815572306771323,0.6815572306771323
arc-agi-2,bixbench,0.6815253282726786,0.6815253282726786
deepsynth,scicode,0.6799129430277303,0.6799129430277303
seal0,algotune,0.6798029556650246,0.6798029556650246
gpqa-diamond,swe-lancer,0.6792556102900931,0.6792556102900931
aime,spider2,0.6791731018061127,0.6791731018061127
arc-agi-2,omnimath,0.6788112809463109,0.6788112809463109
deepsynth,omnimath,0.6785274457958069,0.6785274457958069
humanevalfix,featurebench-modal,0.6781035412738756,0.6781035412738756
arc-agi-2,kumo,0.6775623617873014,0.6775623617873014
aime,arc-agi-2,0.6773489002626946,0.6773489002626946
replicationbench,seal0,0.6765188834154351,0.6765188834154351
swebench-verified,swesmith,0.6763377646476155,0.6763377646476155
qcircuitbench,gaia2,0.6753467999666345,0.6753467999666345
aime,gaia,0.6749692139299959,0.6749692139299959
swebench-verified,skillsbench,0.674240350396934,0.674240350396934
arc-agi-2,gaia,0.674154383538689,0.674154383538689
deepsynth,simpleqa,0.6726874657909141,0.6726874657909141
bixbench,swesmith,0.6717836877914858,0.6717836877914858
seal0,spider2,0.6704095779118403,0.6704095779118403
lawbench,spreadsheetbench,0.6697687212030413,0.6697687212030413
livecodebench,skillsbench,0.6697687212030413,0.6697687212030413
gpqa-diamond,kumo,0.6695963742243045,0.6695963742243045
livecodebench,dacode,0.6681264603418978,0.6681264603418978
livecodebench,mmau,0.6677613574165299,0.6677613574165299
gpqa-diamond,replicationbench,0.6666666666666666,0.6666666666666666
omnimath,qcircuitbench,0.6651156487631347,0.6651156487631347
gpqa-diamond,gaia,0.6648419386196107,0.6648419386196107
terminal-bench,mlgym,0.6648419386196107,0.6648419386196107
kumo,replicationbench,0.6646567288406826,0.6646567288406826
arc-agi-2,gaia2,0.6638322778908764,0.6638322778908764
aime,lawbench,0.6633825944170771,0.6633825944170771
aime,scicode,0.6623738747674421,0.6623738747674421
swebench-verified,swtbench,0.6612351646505946,0.6612351646505946
deepsynth,dacode,0.6610099966102758,0.6610099966102758
livecodebench,crustbench,0.660826742526655,0.660826742526655
swe-lancer,gaia,0.660188866179704,0.660188866179704
arc-agi-2,gpqa-diamond,0.6587238597378813,0.6587238597378813
swe-lancer,gso,0.6584111792323252,0.6584111792323252
gpqa-diamond,hle,0.6581286576045269,0.6581286576045269
aider-polyglot,gaia2,0.6580794101947604,0.6580794101947604
swebench-verified,spider2,0.6570803505739358,0.6570803505739358
bixbench,algotune,0.6567089824350878,0.6567089824350878
arc-agi-2,compilebench,0.6562457705914388,0.6562457705914388
kumo,swebenchpro,0.6561276637365064,0.6561276637365064
seal0,gaia,0.6558095038833213,0.6558095038833213
qcircuitbench,gso,0.6556283762769899,0.6556283762769899
omnimath,scicode,0.6553383085209238,0.6553383085209238
lawbench,swesmith,0.6551724137931034,0.6551724137931034
spreadsheetbench,skillsbench,0.6548042704626335,0.6548042704626335
featurebench-modal,skillsbench,0.6541672430221777,0.6541672430221777
aime,algotune,0.6535303776683087,0.6535303776683087
kumo,omnimath,0.6523968930957776,0.6523968930957776
compilebench,qcircuitbench,0.6515966044004532,0.6515966044004532
humanevalfix,simpleqa,0.6514843411510242,0.6514843411510242
livecodebench,algotune,0.6507936507936508,0.6507936507936508
humanevalfix,skillsbench,0.6500639635243372,0.6500639635243372
bixbench,seal0,0.6495827580847905,0.6495827580847905
terminal-bench,dacode,0.6486930401516992,0.6486930401516992
terminal-bench,crustbench,0.6485080998532087,0.6485080998532087
kumo,algotune,0.6476423947415404,0.6476423947415404
qcircuitbench,skillsbench,0.6465033590035079,0.6465033590035079
spider2,crustbench,0.6464868372092475,0.6464868372092475
replicationbench,swebenchpro,0.6462582870905869,0.6462582870905869
kumo,sldbench,0.645446996793264,0.645446996793264
qcircuitbench,crustbench,0.645223128473623,0.645223128473623
humanevalfix,seal0,0.6451725720497294,0.6451725720497294
bixbench,compilebench,0.6451701669936875,0.6451701669936875
qcircuitbench,seal0,0.6447728516694033,0.6447728516694033
mmau,omnimath,0.6440399677117925,0.6440399677117925
lawbench,replicationbench,0.6436781609195402,0.6436781609195402
kumo,mlgym,0.6436140994150604,0.6436140994150604
arc-agi-2,reasoning-gym,0.6428377957608347,0.6428377957608347
livecodebench,reasoning-gym,0.6425834701696771,0.6425834701696771
aider-polyglot,aime,0.6420361247947455,0.6420361247947455
simpleqa,spider2,0.6402849645252788,0.6402849645252788
bixbench,livecodebench,0.6402638493190171,0.6402638493190171
bixbench,qcircuitbench,0.6394415926632135,0.6394415926632135
livecodebench,simpleqa,0.638752052545156,0.638752052545156
aider-polyglot,compilebench,0.6387181181065839,0.6387181181065839
aider-polyglot,crustbench,0.6386531857144515,0.6386531857144515
qcircuitbench,hle,0.6368093868281076,0.6368093868281076
kumo,gso,0.636780720507103,0.636780720507103
bigcodebench,lawbench,0.6365626710454296,0.6365626710454296
swe-lancer,dacode,0.6361023735495988,0.6361023735495988
gpqa-diamond,spider2,0.6359032025781426,0.6359032025781426
replicationbench,spreadsheetbench,0.6358286634060748,0.6358286634060748
omnimath,simpleqa,0.6352812431190269,0.6352812431190269
deepsynth,hle,0.6351481449494256,0.6351481449494256
aime,terminal-bench,0.6349206349206349,0.6349206349206349
bixbench,gaia,0.6337725251219339,0.6337725251219339
livecodebench,gaia,0.6333652721143594,0.6333652721143594
compilebench,kumo,0.6333294771221898,0.6333294771221898
aider-polyglot,kumo,0.6328234585906747,0.6328234585906747
bixbench,mmmlu,0.6317595388416141,0.6317595388416141
dacode,gaia,0.631261976457706,0.631261976457706
bixbench,gpqa-diamond,0.6309449405532437,0.6309449405532437
terminal-bench,swtbench,0.630065811898274,0.630065811898274
qcircuitbench,reasoning-gym,0.6299945265462507,0.6299945265462507
medagentbench,algotune,0.6299945265462507,0.6299945265462507
deepsynth,mmau,0.6294471811713191,0.6294471811713191
aider-polyglot,mmau,0.6288998357963875,0.6288998357963875
bixbench,lawbench,0.6265595717222916,0.6265595717222916
arc-agi-2,sldbench,0.6258561411646814,0.6258561411646814
algotune,crustbench,0.6252395525811433,0.6252395525811433
spider2,gso,0.6243317251652545,0.6243317251652545
qcircuitbench,sldbench,0.6234263820470717,0.6234263820470717
swe-lancer,swesmith,0.6223316912972086,0.6223316912972086
compilebench,replicationbench,0.6222774973058997,0.6222774973058997
humanevalfix,kumo,0.6216290588882774,0.6216290588882774
lawbench,gaia2,0.6213519462355359,0.6213519462355359
bigcodebench,humanevalfix,0.6210231946186889,0.6210231946186889
algotune,hle,0.6207507153341815,0.6207507153341815
aime,kumo,0.6196510709010162,0.6196510709010162
omnimath,hle,0.6193126605576771,0.6193126605576771
gpqa-diamond,spreadsheetbench,0.6188586345075915,0.6188586345075915
humanevalfix,scicode,0.6184397154018613,0.6184397154018613
arc-agi-2,algotune,0.6181870068309347,0.6181870068309347
spreadsheetbench,algotune,0.6163952432158762,0.6163952432158762
aider-polyglot,bigcodebench,0.6163108921729611,0.6163108921729611
replicationbench,featurebench-modal,0.6163108921729611,0.6163108921729611
aime,ineqmath,0.6155741127853044,0.6155741127853044
aime,replicationbench,0.6146688560481663,0.6146688560481663
aime,reasoning-gym,0.6135741652983032,0.6135741652983032
livecodebench,spider2,0.6134466725990695,0.6134466725990695
aider-polyglot,gaia,0.6133844316371131,0.6133844316371131
kumo,hle,0.6121840698369265,0.6121840698369265
aider-polyglot,featurebench-modal,0.6119321291735085,0.6119321291735085
mmau,seal0,0.6113847837985769,0.6113847837985769
lawbench,strongreject,-0.6113847837985769,0.6113847837985769
omnimath,replicationbench,0.6111947504889217,0.6111947504889217
aider-polyglot,swebenchpro,0.6111900079461364,0.6111900079461364
spider2,swebenchpro,0.6104945614469325,0.6104945614469325
aime,gaia2,0.6103885241581555,0.6103885241581555
lawbench,swebenchpro,0.6103550489188876,0.6103550489188876
medagentbench,scicode,0.6092085741034439,0.6092085741034439
crustbench,gaia,0.6083504506008651,0.6083504506008651
arc-agi-2,seal0,0.6077788959494215,0.6077788959494215
qcircuitbench,usaco,0.6076365186231106,0.6076365186231106
swebench-verified,algotune,0.6076365186231106,0.6076365186231106
spider2,dacode,0.6072309867538206,0.6072309867538206
omnimath,reasoning-gym,0.6068153881925389,0.6068153881925389
kumo,gaia,0.6065616885745346,0.6065616885745346
qcircuitbench,dacode,0.6065416780490149,0.6065416780490149
swesmith,gaia,0.6059942577619671,0.6059942577619671
bigcodebench,terminal-bench,0.6059113300492611,0.6059113300492611
mmau,algotune,0.6059113300492611,0.6059113300492611
spreadsheetbench,scicode,0.6040843295609017,0.6040843295609017
aime,simpleqa,0.6037219485495348,0.6037219485495348
algotune,skillsbench,0.602983446183204,0.602983446183204
gaia,skillsbench,0.6014234875444839,0.6014234875444839
arc-agi-2,lawbench,0.6012053522347814,0.6012053522347814
replicationbench,swebench-verified,0.6010674751785364,0.6010674751785364
research-code-bench,skillsbench,0.599917960158362,0.599917960158362
livecodebench,mlgym,0.5994252143173929,0.5994252143173929
gaia,hle,0.5986827507827847,0.5986827507827847
lawbench,gaia,0.5986040838868212,0.5986040838868212
seal0,dacode,0.5980566635997733,0.5980566635997733
bixbench,humanevalfix,0.5980491038108791,0.5980491038108791
arc-agi-2,swebench-verified,0.5980004141669881,0.5980004141669881
deepsynth,gso,0.5977460748060163,0.5977460748060163
humanevalfix,swesmith,0.5974226666747176,0.5974226666747176
compilebench,crustbench,0.5969579285066589,0.5969579285066589
reasoning-gym,crustbench,0.596769800624734,0.596769800624734
gaia,gaia2,0.5964917883500555,0.5964917883500555
crustbench,gso,0.5959612333735309,0.5959612333735309
featurebench-modal,crustbench,0.5959485577798376,0.5959485577798376
gpqa-diamond,humanevalfix,0.5957761182135103,0.5957761182135103
medagentbench,qcircuitbench,0.595511767925561,0.595511767925561
omnimath,terminal-bench,0.5950458520210101,0.5950458520210101
replicationbench,dacode,0.5939510114469144,0.5939510114469144
kumo,swe-lancer,0.5933062955216993,0.5933062955216993
deepsynth,mlgym,0.5928561708728187,0.5928561708728187
seal0,spreadsheetbench,0.5928561708728187,0.5928561708728187
gso,hle,0.5926314833824018,0.5926314833824018
omnimath,spider2,0.5925774649715341,0.5925774649715341
kumo,dacode,0.5925641111458915,0.5925641111458915
algotune,gaia2,0.5922988777304777,0.5922988777304777
bigcodebench,algotune,0.5911330049261084,0.5911330049261084
aider-polyglot,dacode,0.5909401998681513,0.5909401998681513
bixbench,dacode,0.5905981424633246,0.5905981424633246
humanevalfix,mmau,0.5905620480863538,0.5905620480863538
arc-agi-2,featurebench-modal,0.5891538554246082,0.5891538554246082
aider-polyglot,omnimath,0.5887505187199599,0.5887505187199599
terminal-bench,gaia,0.5882030984329121,0.5882030984329121
bigcodebench,qcircuitbench,0.5862068965517241,0.5862068965517241
lawbench,seal0,0.5845648604269293,0.5845648604269293
qcircuitbench,gaia,0.5838237361365293,0.5838237361365293
replicationbench,scicode,0.5837221155377128,0.5837221155377128
dacode,gso,0.5827986923463607,0.5827986923463607
omnimath,swesmith,0.5827288955624336,0.5827288955624336
humanevalfix,algotune,0.5826037305238518,0.5826037305238518
arc-agi-2,simpleqa,0.5823064140551915,0.5823064140551915
lawbench,gso,0.5821623782561387,0.5821623782561387
bixbench,simpleqa,0.5807872845492282,0.5807872845492282
kumo,medagentbench,0.5801339078320409,0.5801339078320409
dacode,skillsbench,0.5800711743772242,0.5800711743772242
arc-agi-2,gso,0.5795773339635887,0.5795773339635887
aime,featurebench-modal,0.5790914066776136,0.5790914066776136
qcircuitbench,swebenchpro,0.5786266058834324,0.5786266058834324
aime,swesmith,0.5774493705528189,0.5774493705528189
spreadsheetbench,dacode,0.5765124555160143,0.5765124555160143
kumo,featurebench-modal,0.5762919614225571,0.5762919614225571
lawbench,swebench-verified,0.5758861419743355,0.5758861419743355
mmau,terminal-bench,0.5758073344280241,0.5758073344280241
omnimath,gaia2,0.5756584354481233,0.5756584354481233
seal0,swe-lancer,0.5752599890530925,0.5752599890530925
skillsbench,swebenchpro,0.5750871483061455,0.5750871483061455
algotune,featurebench-modal,0.5741652983032294,0.5741652983032294
bigcodebench,spreadsheetbench,0.5739701709696681,0.5739701709696681
gaia,scicode,0.5736608447236694,0.5736608447236694
aime,medagentbench,0.5736179529282978,0.5736179529282978
dacode,hle,0.5723761544255392,0.5723761544255392
aime,spreadsheetbench,0.5723279101085245,0.5723279101085245
mmmlu,skillsbench,0.5711354048838881,0.5711354048838881
spreadsheetbench,mlgym,0.5704900082124281,0.5704900082124281
mmau,qcircuitbench,0.5703338806787083,0.5703338806787083
compilebench,humanevalfix,0.5695843844140127,0.5695843844140127
seal0,usaco,0.5690433883862374,0.5690433883862374
compilebench,algotune,0.5688454797036757,0.5688454797036757
sldbench,terminal-bench,0.5686918445539135,0.5686918445539135
humanevalfix,mlgym,0.5682741973726578,0.5682741973726578
featurebench-modal,gaia,0.5679485478121417,0.5679485478121417
omnimath,swe-lancer,0.5674011275250939,0.5674011275250939
bixbench,sldbench,0.5673570925044372,0.5673570925044372
arc-agi-2,swesmith,0.5664203500781448,0.5664203500781448
kumo,livecodebench,0.5664126706553133,0.5664126706553133
aider-polyglot,usaco,0.5660325768074742,0.5660325768074742
livecodebench,gaia2,0.5657125791928301,0.5657125791928301
compilebench,swesmith,0.5650093348501828,0.5650093348501828
swe-lancer,usaco,0.5643903159463307,0.5643903159463307
sldbench,gso,0.563239318159859,0.563239318159859
deepsynth,swebenchpro,0.5622057450142056,0.5622057450142056
spreadsheetbench,gaia,0.5617300848617575,0.5617300848617575
sldbench,spreadsheetbench,0.5616532145110915,0.5616532145110915
kumo,swebench-verified,0.5599030971457242,0.5599030971457242
swebench-verified,mlgym,0.5594032302217355,0.5594032302217355
terminal-bench,gso,0.5593433940223895,0.5593433940223895
terminal-bench,usaco,0.5580949826452805,0.5580949826452805
qcircuitbench,swebench-verified,0.5570001420711848,0.5570001420711848
livecodebench,spreadsheetbench,0.5567264319276608,0.5567264319276608
lawbench,mmau,0.5566502463054187,0.5566502463054187
bixbench,crustbench,0.5562718421222941,0.5562718421222941
aider-polyglot,mlgym,0.5556315913535651,0.5556315913535651
gpqa-diamond,swesmith,0.5555555555555556,0.5555555555555556
gaia2,scicode,0.5546864331082749,0.5546864331082749
spreadsheetbench,swtbench,0.5545666632501363,0.5545666632501363
bixbench,research-code-bench,0.5532850018619412,0.5532850018619412
seal0,mlgym,0.5528944899183259,0.5528944899183259
qcircuitbench,swesmith,0.5528188286808976,0.5528188286808976
bigcodebench,scicode,0.5527546981406416,0.5527546981406416
lawbench,omnimath,0.5517996493442302,0.5517996493442302
qcircuitbench,mlgym,0.5512522290571824,0.5512522290571824
gpqa-diamond,gaia2,0.5509119593883666,0.5509119593883666
aime,swe-lancer,0.5506294471811713,0.5506294471811713
sldbench,algotune,0.5500821018062397,0.5500821018062397
mmau,crustbench,0.5499589584656379,0.5499589584656379
humanevalfix,lawbench,0.5499471860432402,0.5499471860432402
replicationbench,mlgym,0.5485151276219431,0.5485151276219431
bixbench,hle,0.5483436246603747,0.5483436246603747
kumo,simpleqa,0.548300637582033,0.548300637582033
aider-polyglot,swesmith,0.5478927203065134,0.5478927203065134
hle,swebenchpro,0.5471002003608489,0.5471002003608489
gpqa-diamond,simpleqa,0.5467980295566502,0.5467980295566502
reasoning-gym,usaco,0.5465991566172756,0.5465991566172756
humanevalfix,swebench-verified,0.546454444322126,0.546454444322126
aime,bfcl,0.5464002394710867,0.5464002394710867
compilebench,scicode,0.545479494775414,0.545479494775414
algotune,mlgym,0.5444094754690842,0.5444094754690842
seal0,featurebench-modal,0.5429666119321291,0.5429666119321291
compilebench,gso,0.5419229791071841,0.5419229791071841
mmau,replicationbench,0.541871921182266,0.541871921182266
deepsynth,sldbench,0.541871921182266,0.541871921182266
bigcodebench,spider2,0.54059988022793,0.54059988022793
replicationbench,research-code-bench,0.5373871986718183,0.5373871986718183
bixbench,swtbench,0.536679254478683,0.536679254478683
terminal-bench,swebenchpro,0.5366003348452418,0.5366003348452418
compilebench,sldbench,0.5365122587956633,0.5365122587956633
aime,hle,0.5360273795213985,0.5360273795213985
reasoning-gym,gaia,0.5351033305892708,0.5351033305892708
mmau,swe-lancer,0.5347564313081554,0.5347564313081554
replicationbench,swesmith,0.5347564313081554,0.5347564313081554
bigcodebench,mmau,0.5336617405582923,0.5336617405582923
bigcodebench,deepsynth,0.5336617405582923,0.5336617405582923
deepsynth,usaco,0.5334610697281273,0.5334610697281273
labbench,crustbench,0.5329866063377785,0.5329866063377785
dacode,mlgym,0.531617848343827,0.531617848343827
gpqa-diamond,sldbench,0.5314723590585659,0.5314723590585659
kumo,scicode,0.5311903887455223,0.5311903887455223
bixbench,omnimath,0.530976375934769,0.530976375934769
crustbench,scicode,0.530976196387564,0.530976196387564
mmau,usaco,0.530723968292888,0.530723968292888
arc-agi-2,bigcodebench,0.530265859647625,0.530265859647625
gpqa-diamond,reasoning-gym,0.5298303229337712,0.5298303229337712
omnimath,usaco,0.5286066246920339,0.5286066246920339
bigcodebench,compilebench,0.5285659587419993,0.5285659587419993
arc-agi-2,hle,0.5281549730537929,0.5281549730537929
arc-agi-2,usaco,0.5281469530526584,0.5281469530526584
kumo,skillsbench,0.5277910077506018,0.5277910077506018
reasoning-gym,dacode,0.527439446570601,0.527439446570601
lawbench,hle,0.5266136755422003,0.5266136755422003
sldbench,gaia,0.5260708958529814,0.5260708958529814
mlgym,swebenchpro,0.5255394656350448,0.5255394656350448
gpqa-diamond,ineqmath,0.5255234755659335,0.5255234755659335
medagentbench,hle,0.5255061809564123,0.5255061809564123
reasoning-gym,terminal-bench,0.5254515599343186,0.5254515599343186
mmmlu,replicationbench,0.5251479175065226,0.5251479175065226
labbench,dacode,0.5241549248483139,0.5241549248483139
seal0,scicode,0.5239796642761065,0.5239796642761065
sldbench,skillsbench,0.52388121470479,0.52388121470479
strongreject,algotune,-0.5232621784345922,0.5232621784345922
mmau,gaia,0.5230600842742182,0.5230600842742182
swesmith,algotune,0.5227148330596606,0.5227148330596606
usaco,scicode,0.5221327803146633,0.5221327803146633
qcircuitbench,simpleqa,0.5210727969348659,0.5210727969348659
seal0,swebenchpro,0.5204577936517646,0.5204577936517646
spider2,scicode,0.5194022885288962,0.5194022885288962
compilebench,lawbench,0.5192496069549448,0.5192496069549448
ineqmath,omnimath,0.517930468108404,0.517930468108404
gpqa-diamond,usaco,0.5170384611166919,0.5170384611166919
seal0,swesmith,0.5161466885604816,0.5161466885604816
simpleqa,algotune,0.5161466885604816,0.5161466885604816
omnimath,spreadsheetbench,0.5147823706542568,0.5147823706542568
lawbench,reasoning-gym,0.5139573070607554,0.5139573070607554
omnimath,algotune,0.5137539393944048,0.5137539393944048
bigcodebench,swebench-verified,0.5132065191073569,0.5132065191073569
spider2,bfcl,0.5125325730586873,0.5125325730586873
bixbench,scicode,0.512007689739479,0.512007689739479
aime,crustbench,0.5116342923704714,0.5116342923704714
labbench,skillsbench,0.5115642582462134,0.5115642582462134
skillsbench,scicode,0.510347106008348,0.510347106008348
aider-polyglot,medagentbench,0.5101258894362343,0.5101258894362343
deepsynth,reasoning-gym,0.5095785440613027,0.5095785440613027
lawbench,livecodebench,0.5084838533114395,0.5084838533114395
labbench,simpleqa,0.5084838533114395,0.5084838533114395
spider2,hle,0.5084111058907461,0.5084111058907461
humanevalfix,usaco,0.5083041842715105,0.5083041842715105
swtbench,swebenchpro,0.5079331795706468,0.5079331795706468
sldbench,pixiu,0.5070020367552284,0.5070020367552284
mlgym,gaia2,0.5069906077910973,0.5069906077910973
deepsynth,medagentbench,0.5068418171866448,0.5068418171866448
simpleqa,swe-lancer,0.5068418171866448,0.5068418171866448
medagentbench,omnimath,0.5060900553757349,0.5060900553757349
swebench-verified,swebenchpro,0.5060544218879828,0.5060544218879828
seal0,crustbench,0.5058855924561965,0.5058855924561965
mmau,spider2,0.5047242042857523,0.5047242042857523
reasoning-gym,swe-lancer,0.5046524356869184,0.5046524356869184
lawbench,bfcl,0.5045168543813692,0.5045168543813692
humanevalfix,hle,0.5036289808091541,0.5036289808091541
bigcodebench,reasoning-gym,0.5035577449370553,0.5035577449370553
bixbench,labbench,0.5032210733517617,0.5032210733517617
swebench-verified,gso,0.5023646798878612,0.5023646798878612
gpqa-diamond,strongreject,-0.5019157088122606,0.5019157088122606
aider-polyglot,reasoning-gym,0.5019157088122606,0.5019157088122606
swebench-verified,scicode,0.5017134143653497,0.5017134143653497
lawbench,simpleqa,0.5008210180623974,0.5008210180623974
sldbench,scicode,0.5001374933597774,0.5001374933597774
arc-agi-2,mmau,0.4995893223126384,0.4995893223126384
medagentbench,sldbench,0.49917898193760263,0.49917898193760263
qcircuitbench,strongreject,-0.49808429118773945,0.49808429118773945
qcircuitbench,featurebench-modal,0.4975369458128079,0.4975369458128079
mmau,featurebench-modal,0.4975369458128079,0.4975369458128079
aider-polyglot,strongreject,-0.4969896004378763,0.4969896004378763
labbench,swe-lancer,0.49589490968801314,0.49589490968801314
aime,bigcodebench,0.49589490968801314,0.49589490968801314
swe-lancer,swebenchpro,0.4956873425100496,0.4956873425100496
livecodebench,gso,0.4947823654586112,0.4947823654586112
crustbench,swebenchpro,0.4944310749330519,0.4944310749330519
gpqa-diamond,skillsbench,0.4943205192042062,0.4943205192042062
spreadsheetbench,swebenchpro,0.4938066801041152,0.4938066801041152
simpleqa,featurebench-modal,0.49370552818828684,0.49370552818828684
bigcodebench,mlgym,0.4929519684865866,0.4929519684865866
simpleqa,crustbench,0.49274570693785374,0.49274570693785374
simpleqa,research-code-bench,0.4927418809432218,0.4927418809432218
aime,bixbench,0.4917094801705123,0.4917094801705123
featurebench-modal,swtbench,0.4909639290454608,0.4909639290454608
codepde,reasoning-gym,0.49024873760553445,0.49024873760553445
gaia2,swebenchpro,0.4901634998994534,0.4901634998994534
gpqa-diamond,bfcl,0.48973448317323354,0.48973448317323354
compilebench,gpqa-diamond,0.48965648951371316,0.48965648951371316
replicationbench,usaco,0.48912002647725167,0.48912002647725167
mlgym,gso,0.4887270791596034,0.4887270791596034
algotune,gaia,0.4885726061902038,0.4885726061902038
lawbench,featurebench-modal,0.4871373836891078,0.4871373836891078
compilebench,dacode,0.48643493188579157,0.48643493188579157
skillsbench,hle,0.4862566652981359,0.4862566652981359
spreadsheetbench,crustbench,0.4862423043506464,0.4862423043506464
aider-polyglot,sldbench,0.48549534756431306,0.48549534756431306
sldbench,hle,0.48535950222159685,0.48535950222159685
swe-lancer,swtbench,0.48521365436060043,0.48521365436060043
kumo,strongreject,-0.4851829465690862,0.4851829465690862
dacode,scicode,0.4840349029058768,0.4840349029058768
medagentbench,gaia,0.4836458236067732,0.4836458236067732
simpleqa,skillsbench,0.4836458236067732,0.4836458236067732
dacode,swebenchpro,0.4829507271593235,0.4829507271593235
skillsbench,swtbench,0.48226760196715557,0.48226760196715557
livecodebench,featurebench-modal,0.4822112753147236,0.4822112753147236
seal0,gaia2,0.4818424003008699,0.4818424003008699
seal0,skillsbench,0.4814561424585818,0.4814561424585818
medagentbench,mmau,0.48056923918992883,0.48056923918992883
labbench,livecodebench,0.48002189381499727,0.48002189381499727
swesmith,skillsbench,0.47981388159743826,0.47981388159743826
compilebench,livecodebench,0.4789700859932684,0.4789700859932684
compilebench,medagentbench,0.47869607564659034,0.47869607564659034
replicationbench,sldbench,0.4783798576902025,0.4783798576902025
mlgym,swtbench,0.478296630798204,0.478296630798204
medagentbench,swesmith,0.47783251231527096,0.47783251231527096
spider2,research-code-bench,0.47759353607308963,0.47759353607308963
crustbench,gaia2,0.47731359149083985,0.47731359149083985
terminal-bench,hle,0.47705329282818676,0.47705329282818676
gpqa-diamond,swebenchpro,0.47648328488332675,0.47648328488332675
sldbench,swe-lancer,0.47509578544061304,0.47509578544061304
medagentbench,replicationbench,0.47509578544061304,0.47509578544061304
swebench-verified,crustbench,0.4744695458556702,0.4744695458556702
arc-agi-2,swtbench,0.47328036855321887,0.47328036855321887
spreadsheetbench,gso,0.4731412497558803,0.4731412497558803
mlgym,hle,0.4729649113492119,0.4729649113492119
compilebench,swtbench,0.4729267731818034,0.4729267731818034
bigcodebench,gpqa-diamond,0.47126436781609193,0.47126436781609193
usaco,crustbench,0.4710472323396887,0.4710472323396887
simpleqa,terminal-bench,0.4701696770662288,0.4701696770662288
gpqa-diamond,featurebench-modal,0.4696223316912972,0.4696223316912972
dacode,gaia2,0.4687504402934719,0.4687504402934719
sldbench,dacode,0.4685917657129574,0.4685917657129574
bixbench,mlgym,0.46847631722897276,0.46847631722897276
featurebench-modal,swebenchpro,0.46785537493508894,0.46785537493508894
swtbench,gso,0.4672101312330737,0.4672101312330737
swesmith,scicode,0.46697769243017023,0.46697769243017023
research-code-bench,gaia2,0.46509406081156235,0.46509406081156235
scicode,gso,0.46480799496963554,0.46480799496963554
compilebench,gaia,0.46478515181876195,0.46478515181876195
labbench,replicationbench,0.4641488779419814,0.4641488779419814
research-code-bench,swebenchpro,0.4632260940136261,0.4632260940136261
simpleqa,dacode,0.46229643241190715,0.46229643241190715
livecodebench,swebench-verified,0.46120159183781145,0.46120159183781145
crustbench,hle,0.4611208347853138,0.4611208347853138
aime,compilebench,0.4608854031125157,0.4608854031125157
arc-agi-2,swebenchpro,0.46071915784638456,0.46071915784638456
mmau,bfcl,0.4604434883719278,0.4604434883719278
medagentbench,strongreject,-0.45977011494252873,0.45977011494252873
medagentbench,simpleqa,0.45867542419266555,0.45867542419266555
scicode,hle,0.4585769410551368,0.4585769410551368
arc-agi-2,mlgym,0.45856742707995335,0.45856742707995335
compilebench,seal0,0.45841930999241304,0.45841930999241304
mmmlu,gaia2,0.4581388965138622,0.4581388965138622
usaco,hle,0.45759632084576857,0.45759632084576857
gpqa-diamond,swebench-verified,0.4568222295414287,0.4568222295414287
seal0,gso,0.45637968467498446,0.45637968467498446
bixbench,usaco,0.45627784085876255,0.45627784085876255
medagentbench,terminal-bench,0.4559386973180077,0.4559386973180077
lawbench,skillsbench,0.4549062585367612,0.4549062585367612
mmau,hle,0.4549034011124265,0.4549034011124265
algotune,dacode,0.4546325483932373,0.4546325483932373
bigcodebench,gaia2,0.4544338451074188,0.4544338451074188
simpleqa,gaia2,0.4541597595554843,0.4541597595554843
medagentbench,financeagent,0.45350849827666784,0.45350849827666784
sldbench,featurebench-modal,0.4526546250684182,0.4526546250684182
omnimath,featurebench-modal,0.452169157101522,0.452169157101522
medagentbench,spider2,0.45159534067672574,0.45159534067672574
sldbench,spider2,0.45132148055502974,0.45132148055502974
usaco,dacode,0.4505885573501232,0.4505885573501232
strongreject,swebenchpro,-0.44892963698411564,0.44892963698411564
arc-agi-2,labbench,0.4486443585241786,0.4486443585241786
gaia2,gso,0.44814977860211247,0.44814977860211247
swesmith,mlgym,0.4466949542310435,0.4466949542310435
omnimath,skillsbench,0.4464823432794963,0.4464823432794963
kumo,crustbench,0.4460623000209484,0.4460623000209484
gaia,research-code-bench,0.44541854028196187,0.44541854028196187
featurebench-modal,dacode,0.44505269336989994,0.44505269336989994
gpqa-diamond,gso,0.4441353516715093,0.4441353516715093
mmmlu,swebenchpro,0.4434746251578222,0.4434746251578222
medagentbench,swebenchpro,0.44308492379337394,0.44308492379337394
mmmlu,featurebench-modal,0.44292225192616935,0.44292225192616935
deepsynth,research-code-bench,0.4428925077738686,0.4428925077738686
sldbench,swebenchpro,0.4419716450903755,0.4419716450903755
usaco,skillsbench,0.4418286339994525,0.4418286339994525
reasoning-gym,seal0,0.44170771756978655,0.44170771756978655
bixbench,medagentbench,0.4412777386145623,0.4412777386145623
strongreject,spider2,-0.4406409358088852,0.4406409358088852
aime,usaco,0.43930478035589754,0.43930478035589754
medagentbench,seal0,0.4373289545703339,0.4373289545703339
mmmlu,simpleqa,0.4368923697836101,0.4368923697836101
omnimath,crustbench,0.4364134195579563,0.4364134195579563
gpqa-diamond,dacode,0.43574654849008654,0.43574654849008654
sldbench,gaia2,0.43497377092006856,0.43497377092006856
mmau,spreadsheetbench,0.4349254180595148,0.4349254180595148
labbench,hle,0.43469162492179525,0.43469162492179525
deepsynth,mmmlu,0.43442559981619955,0.43442559981619955
usaco,algotune,0.434104287628943,0.434104287628943
dacode,swtbench,0.43406822777850174,0.43406822777850174
swesmith,dacode,0.43328315719837124,0.43328315719837124
featurebench-modal,research-code-bench,0.43221049923757865,0.43221049923757865
crustbench,swtbench,0.4320734207537468,0.4320734207537468
swesmith,swebenchpro,0.43167381708764,0.43167381708764
mmmlu,spider2,0.43156898866022425,0.43156898866022425
omnimath,dacode,0.4314262250205311,0.4314262250205311
mmmlu,gaia,0.43078439586034567,0.43078439586034567
labbench,usaco,0.430546055763132,0.430546055763132
simpleqa,swesmith,0.4302134646962233,0.4302134646962233
sldbench,swebench-verified,0.42999863547608413,0.42999863547608413
swe-lancer,hle,0.42970789928574915,0.42970789928574915
medagentbench,pixiu,0.4293184545128193,0.4293184545128193
bigcodebench,featurebench-modal,0.42857142857142855,0.42857142857142855
algotune,bfcl,0.42841501742096727,0.42841501742096727
ineqmath,medagentbench,0.4280826644714167,0.4280826644714167
strongreject,gso,-0.42743853393949766,0.42743853393949766
compilebench,mmmlu,0.4272777328835268,0.4272777328835268
ineqmath,mmau,0.426987823897321,0.426987823897321
reasoning-gym,spider2,0.4261263493589965,0.4261263493589965
aime,skillsbench,0.4256192731797014,0.4256192731797014
compilebench,research-code-bench,0.42561363809357006,0.42561363809357006
aider-polyglot,swtbench,0.42497268147158684,0.42497268147158684
reasoning-gym,algotune,0.4247400109469075,0.4247400109469075
livecodebench,sldbench,0.4247400109469075,0.4247400109469075
strongreject,swesmith,-0.42419266557197594,0.42419266557197594
lawbench,crustbench,0.4240350555815197,0.4240350555815197
seal0,swebench-verified,0.42370330217503394,0.42370330217503394
sldbench,swesmith,0.4236453201970443,0.4236453201970443
seal0,sldbench,0.42309797482211275,0.42309797482211275
bigcodebench,swe-lancer,0.42309797482211275,0.42309797482211275
bigcodebench,replicationbench,0.421455938697318,0.421455938697318
lawbench,pixiu,0.4213579460851519,0.4213579460851519
bigcodebench,swtbench,0.4203176972028903,0.4203176972028903
mmau,gaia2,0.420173151115605,0.420173151115605
gpqa-diamond,crustbench,0.4196550937420721,0.4196550937420721
mlgym,skillsbench,0.41883383520394196,0.41883383520394196
labbench,gaia,0.4185028094480794,0.4185028094480794
spider2,mlgym,0.4171460499892056,0.4171460499892056
simpleqa,spreadsheetbench,0.41713425873045973,0.41713425873045973
bigcodebench,livecodebench,0.4165298303229338,0.4165298303229338
aider-polyglot,pixiu,0.41586794027296753,0.41586794027296753
compilebench,swebenchpro,0.4154866350551524,0.4154866350551524
pixiu,gso,0.4153332865649223,0.4153332865649223
mmau,skillsbench,0.4149445775822683,0.4149445775822683
sldbench,strongreject,-0.41488779419813904,0.41488779419813904
ineqmath,seal0,0.41467086743874443,0.41467086743874443
humanevalfix,sldbench,0.4143813627371721,0.4143813627371721
featurebench-modal,scicode,0.41381239176617196,0.41381239176617196
featurebench-modal,mlgym,0.41330231672112483,0.41330231672112483
gaia,gso,0.4121895240520345,0.4121895240520345
algotune,pixiu,0.4120249362044385,0.4120249362044385
bixbench,mmau,0.41195058455756967,0.41195058455756967
omnimath,sldbench,0.4119337660035052,0.4119337660035052
arc-agi-2,medagentbench,0.41139427747455204,0.41139427747455204
simpleqa,pixiu,0.40900543300773706,0.40900543300773706
bigcodebench,crustbench,0.40870518914345316,0.40870518914345316
lawbench,financeagent,0.4086672085594243,0.4086672085594243
simpleqa,gso,0.4085154738432178,0.4085154738432178
kumo,pixiu,0.4082026028570948,0.4082026028570948
arc-agi-2,bfcl,0.40767129407713637,0.40767129407713637
swebench-verified,dacode,0.40761018341089517,0.40761018341089517
labbench,gso,0.4062892314789496,0.4062892314789496
spreadsheetbench,usaco,0.40569395017793597,0.40569395017793597
omnimath,mlgym,0.40569395017793597,0.40569395017793597
lawbench,sldbench,0.40558292282430214,0.40558292282430214
mmau,simpleqa,0.4050355774493706,0.4050355774493706
kumo,swtbench,0.40472365624947204,0.40472365624947204
bfcl,scicode,0.40446844489925177,0.40446844489925177
sldbench,crustbench,0.40295648922917815,0.40295648922917815
qcircuitbench,bfcl,0.4021352463842818,0.4021352463842818
lawbench,dacode,0.40180649069312,0.40180649069312
bigcodebench,kumo,0.4017578245345827,0.4017578245345827
mmmlu,seal0,0.4007130769282547,0.4007130769282547
strongreject,financeagent,-0.3994951265718063,0.3994951265718063
pixiu,swebenchpro,0.3994798656243342,0.3994798656243342
simpleqa,sldbench,0.39901477832512317,0.39901477832512317
medagentbench,spreadsheetbench,0.39879567911435687,0.39879567911435687
reasoning-gym,replicationbench,0.39846743295019155,0.39846743295019155
swe-lancer,mlgym,0.398248258827309,0.398248258827309
kumo,mmmlu,0.39796649922709226,0.39796649922709226
omnimath,bfcl,0.3978097230976854,0.3978097230976854
aider-polyglot,bfcl,0.39583905124007585,0.39583905124007585
strongreject,hle,-0.3956524407727678,0.3956524407727678
spreadsheetbench,strongreject,-0.39551115739206977,0.39551115739206977
swtbench,gaia2,0.39284263262172375,0.39284263262172375
labbench,research-code-bench,0.39276923694973875,0.39276923694973875
reasoning-gym,spreadsheetbench,0.39113179509568696,0.39113179509568696
bixbench,strongreject,-0.38974965485087426,0.38974965485087426
mlgym,scicode,0.3896124657308629,0.3896124657308629
humanevalfix,gso,0.3892677936491712,0.3892677936491712
livecodebench,swesmith,0.3891625615763547,0.3891625615763547
swesmith,gso,0.3890358531558709,0.3890358531558709
medagentbench,swe-lancer,0.3880678708264915,0.3880678708264915
swe-lancer,bfcl,0.3879003704060771,0.3879003704060771
bfcl,crustbench,0.3878696604600219,0.3878696604600219
seal0,research-code-bench,0.3875651815089821,0.3875651815089821
compilebench,simpleqa,0.38745063020279263,0.38745063020279263
reasoning-gym,mlgym,0.38647872265578026,0.38647872265578026
simpleqa,swebenchpro,0.3854727509132053,0.3854727509132053
bigcodebench,seal0,0.3853311439518336,0.3853311439518336
ineqmath,gaia,0.3848891322200931,0.3848891322200931
livecodebench,swebenchpro,0.38241123447995967,0.38241123447995967
compilebench,mmau,0.38224443361590926,0.38224443361590926
medagentbench,gso,0.3790177625166639,0.3790177625166639
aider-polyglot,labbench,0.3787629994526546,0.3787629994526546
codepde,scicode,0.37864755360486746,0.37864755360486746
compilebench,omnimath,0.3784600793995933,0.3784600793995933
mmmlu,swe-lancer,0.3776898905657558,0.3776898905657558
replicationbench,pixiu,0.3768888990064584,0.3768888990064584
gpqa-diamond,mlgym,0.3760777372018712,0.3760777372018712
research-code-bench,gso,0.3754301999917912,0.3754301999917912
kumo,reasoning-gym,0.3754130491552658,0.3754130491552658
qcircuitbench,pixiu,0.3746928966815846,0.3746928966815846
algotune,swtbench,0.3745893223280482,0.3745893223280482
labbench,mmmlu,0.3738526928386727,0.3738526928386727
medagentbench,gaia2,0.3719340939751311,0.3719340939751311
mmau,dacode,0.37005611404434485,0.37005611404434485
humanevalfix,swebenchpro,0.3697869648876525,0.3697869648876525
aime,dacode,0.36978240390082096,0.36978240390082096
bigcodebench,swesmith,0.36891078270388616,0.36891078270388616
bigcodebench,dacode,0.3681401430396774,0.3681401430396774
pixiu,hle,0.36671728238954565,0.36671728238954565
qcircuitbench,swtbench,0.36610082160277807,0.36610082160277807
codepde,mmau,0.36521332526780004,0.36521332526780004
ineqmath,sldbench,0.3645819111738664,0.3645819111738664
deepsynth,strongreject,-0.3645320197044335,0.3645320197044335
swesmith,bfcl,0.36381058028911534,0.36381058028911534
aime,swebenchpro,0.3634854965289864,0.3634854965289864
medagentbench,featurebench-modal,0.36288998357963875,0.36288998357963875
algotune,financeagent,0.36280679862133425,0.36280679862133425
reasoning-gym,gaia2,0.3623410996574232,0.3623410996574232
swebench-verified,gaia,0.362168081029291,0.362168081029291
ineqmath,bfcl,0.3619438774501996,0.3619438774501996
medagentbench,swebench-verified,0.36184480973862715,0.36184480973862715
lawbench,mlgym,0.36157109959510325,0.36157109959510325
humanevalfix,swtbench,0.3603797821081629,0.3603797821081629
deepsynth,swtbench,0.3600767243138767,0.3600767243138767
aime,sldbench,0.35960591133004927,0.35960591133004927
reasoning-gym,simpleqa,0.35960591133004927,0.35960591133004927
seal0,strongreject,-0.3590585659551177,0.3590585659551177
simpleqa,scicode,0.35900280345277175,0.35900280345277175
usaco,featurebench-modal,0.35828657787281615,0.35828657787281615
compilebench,mlgym,0.35681029933256375,0.35681029933256375
gpqa-diamond,financeagent,0.3566920772962556,0.3566920772962556
bigcodebench,swebenchpro,0.35652750463524624,0.35652750463524624
scicode,swebenchpro,0.3554835103198497,0.3554835103198497
mmmlu,gso,0.3542278411711971,0.3542278411711971
simpleqa,swebench-verified,0.3541809257199573,0.3541809257199573
mmmlu,hle,0.3538237497176425,0.3538237497176425
aime,mlgym,0.3533597952893855,0.3533597952893855
aime,swebench-verified,0.3533597952893855,0.3533597952893855
swebench-verified,pixiu,0.3489376199796602,0.3489376199796602
reasoning-gym,hle,0.3485839208767772,0.3485839208767772
swe-lancer,research-code-bench,0.3483978168759189,0.3483978168759189
compilebench,hle,0.3476279298002445,0.3476279298002445
research-code-bench,hle,0.34596090443738736,0.34596090443738736
deepsynth,labbench,0.3459222769567597,0.3459222769567597
usaco,mlgym,0.3457432247467835,0.3457432247467835
kumo,usaco,0.345548038875719,0.345548038875719
strongreject,pixiu,-0.3447723650051797,0.3447723650051797
spider2,swtbench,0.344704757311022,0.344704757311022
swesmith,crustbench,0.3443744996265667,0.3443744996265667
replicationbench,strongreject,-0.34428024083196496,0.34428024083196496
humanevalfix,research-code-bench,0.3442741874748206,0.3442741874748206
bigcodebench,gso,0.3439544452794395,0.3439544452794395
mmau,swesmith,0.3437328954570334,0.3437328954570334
bfcl,swebenchpro,0.3413133433941,0.3413133433941
kumo,research-code-bench,0.3397424570453555,0.3397424570453555
bigcodebench,bfcl,0.33917329494222265,0.33917329494222265
simpleqa,usaco,0.33885315768261753,0.33885315768261753
medagentbench,bfcl,0.3364358187925679,0.3364358187925679
skillsbench,pixiu,0.3358970716326627,0.3358970716326627
ineqmath,kumo,0.33566739598491213,0.33566739598491213
mmmlu,spreadsheetbench,0.3355266309469062,0.3355266309469062
compilebench,pixiu,0.33502870555617814,0.33502870555617814
mmau,swebench-verified,0.3331052446686152,0.3331052446686152
compilebench,usaco,0.3324200407760367,0.3324200407760367
ineqmath,hle,0.33201693718249714,0.33201693718249714
crustbench,mlgym,0.33182751850956277,0.33182751850956277
livecodebench,medagentbench,0.33004926108374383,0.33004926108374383
bigcodebench,pixiu,0.32994934931228187,0.32994934931228187
strongreject,bfcl,-0.32959212841843105,0.32959212841843105
bixbench,pixiu,0.3289350839141522,0.3289350839141522
gpqa-diamond,mmmlu,0.3283544912175439,0.3283544912175439
humanevalfix,labbench,0.32821199326732303,0.32821199326732303
ineqmath,labbench,-0.32817846208518453,0.32817846208518453
mmau,mlgym,0.32790475194166063,0.32790475194166063
usaco,gaia2,0.327302939011933,0.327302939011933
usaco,spider2,0.3264859432614137,0.3264859432614137
usaco,gaia,0.3261702710101287,0.3261702710101287
bixbench,bfcl,0.3210420537827533,0.3210420537827533
strongreject,swebench-verified,-0.3196934476359429,0.3196934476359429
sldbench,mlgym,0.3180511867747994,0.3180511867747994
strongreject,terminal-bench,-0.31800766283524906,0.31800766283524906
featurebench-modal,financeagent,0.3159272684623978,0.3159272684623978
featurebench-modal,gso,0.3150132945439527,0.3150132945439527
gaia,swebenchpro,0.3148226353989596,0.3148226353989596
replicationbench,swtbench,0.3146221720430756,0.3146221720430756
bigcodebench,skillsbench,0.3144929549089883,0.3144929549089883
humanevalfix,bfcl,0.3140278592147477,0.3140278592147477
spreadsheetbench,hle,0.3137407755027266,0.3137407755027266
replicationbench,bfcl,0.3131672715205026,0.3131672715205026
usaco,financeagent,0.3129127285634614,0.3129127285634614
kumo,mmau,0.31229535814231907,0.31229535814231907
mmmlu,omnimath,0.3114038012709848,0.3114038012709848
livecodebench,bfcl,0.3112510382157443,0.3112510382157443
bigcodebench,strongreject,-0.3103448275862069,0.3103448275862069
gaia2,pixiu,0.31010344726716565,0.31010344726716565
qcircuitbench,financeagent,0.30981254713731915,0.30981254713731915
aider-polyglot,financeagent,0.30981254713731915,0.30981254713731915
livecodebench,strongreject,-0.3097974822112753,0.3097974822112753
reasoning-gym,featurebench-modal,0.3097974822112753,0.3097974822112753
compilebench,labbench,0.3088096607061862,0.3088096607061862
spider2,pixiu,0.30861229567119447,0.30861229567119447
strongreject,scicode,-0.3085779822044435,0.3085779822044435
bigcodebench,codepde,0.30640546100345906,0.30640546100345906
codepde,simpleqa,-0.30613065789942007,0.30613065789942007
aime,mmmlu,0.305879475958914,0.305879475958914
codepde,usaco,0.3057602952271671,0.3057602952271671
aime,financeagent,0.3057360662539334,0.3057360662539334
aime,research-code-bench,0.304848089766429,0.304848089766429
gaia2,hle,0.3044658912147112,0.3044658912147112
crustbench,research-code-bench,0.30383566205076895,0.30383566205076895
reasoning-gym,swesmith,0.30377668308702793,0.30377668308702793
bigcodebench,gaia,0.3035445491680314,0.3035445491680314
spreadsheetbench,research-code-bench,0.30324620177867884,0.30324620177867884
deepsynth,bfcl,0.30303860976678004,0.30303860976678004
lawbench,swtbench,0.30230015486123185,0.30230015486123185
reasoning-gym,bfcl,0.30194361930691815,0.30194361930691815
bigcodebench,medagentbench,0.30103995621237,0.30103995621237
sldbench,usaco,0.30080744773279217,0.30080744773279217
simpleqa,mlgym,0.3002600274457443,0.3002600274457443
bfcl,gso,0.2983981514135568,0.2983981514135568
swesmith,hle,0.2981929172234226,0.2981929172234226
swesmith,research-code-bench,0.29772675074223576,0.29772675074223576
bfcl,skillsbench,0.2956878877807985,0.2956878877807985
spreadsheetbench,bfcl,0.2956878877807985,0.2956878877807985
terminal-bench,bfcl,0.2942786860878849,0.2942786860878849
omnimath,swebench-verified,0.29345743224746784,0.29345743224746784
mmmlu,swesmith,0.2932715405699265,0.2932715405699265
labbench,omnimath,0.2920487231400266,0.2920487231400266
spreadsheetbench,pixiu,0.2916964761828395,0.2916964761828395
labbench,seal0,0.29118773946360155,0.29118773946360155
swebench-verified,usaco,0.28935121817684095,0.28935121817684095
usaco,swtbench,0.2887854550109969,0.2887854550109969
arc-agi-2,pixiu,0.28818750920868785,0.28818750920868785
swtbench,scicode,0.2880450659216443,0.2880450659216443
bigcodebench,bixbench,0.28724165842736726,0.28724165842736726
lawbench,usaco,0.2865745202695481,0.2865745202695481
aider-polyglot,research-code-bench,0.28649694689639243,0.28649694689639243
strongreject,gaia2,-0.2858712306676947,0.2858712306676947
ineqmath,scicode,0.2847747814944541,0.2847747814944541
bfcl,gaia2,0.28334497231808325,0.28334497231808325
labbench,qcircuitbench,0.28297755883962783,0.28297755883962783
medagentbench,reasoning-gym,0.2824302134646962,0.2824302134646962
arc-agi-2,research-code-bench,0.28207236842105265,0.28207236842105265
codepde,compilebench,0.28160799867908987,0.28160799867908987
kumo,bfcl,0.2808133741054955,0.2808133741054955
swebench-verified,financeagent,0.28029641809430583,0.28029641809430583
ineqmath,algotune,0.28000547682497395,0.28000547682497395
mmau,swebenchpro,0.2799895938041044,0.2799895938041044
humanevalfix,mmmlu,0.2795110011836691,0.2795110011836691
aider-polyglot,mmmlu,0.2779227496615939,0.2779227496615939
bigcodebench,simpleqa,0.277504105090312,0.277504105090312
codepde,research-code-bench,-0.2766791745903343,0.2766791745903343
livecodebench,mmmlu,0.27655232190192136,0.27655232190192136
codepde,crustbench,0.27584041522346087,0.27584041522346087
bigcodebench,hle,0.2752124045683213,0.2752124045683213
mmmlu,sldbench,0.27463372303837974,0.27463372303837974
reasoning-gym,skillsbench,0.27398385366744765,0.27398385366744765
research-code-bench,pixiu,0.27376439745134173,0.27376439745134173
strongreject,swe-lancer,-0.27367268746579093,0.27367268746579093
omnimath,research-code-bench,0.27366120648319797,0.27366120648319797
strongreject,mlgym,-0.27288901309335195,0.27288901309335195
omnimath,gso,0.2727520145651545,0.2727520145651545
terminal-bench,pixiu,0.272578788574955,0.272578788574955
aime,strongreject,-0.2720306513409962,0.2720306513409962
simpleqa,financeagent,0.27006685852430784,0.27006685852430784
seal0,financeagent,0.27006685852430784,0.27006685852430784
gpqa-diamond,pixiu,0.2698337856688628,0.2698337856688628
medagentbench,crustbench,0.26936765312602673,0.26936765312602673
labbench,spider2,0.26920449962718096,0.26920449962718096
featurebench-modal,pixiu,0.2690102847970351,0.2690102847970351
mmmlu,terminal-bench,0.26887792644775504,0.26887792644775504
ineqmath,qcircuitbench,0.26741481022287344,0.26741481022287344
seal0,swtbench,0.26670321633590566,0.26670321633590566
ineqmath,reasoning-gym,0.2665936797923017,0.2665936797923017
sldbench,swtbench,0.2664293937318647,0.2664293937318647
bfcl,gaia,0.2647501735963261,0.2647501735963261
codepde,qcircuitbench,0.26463538918953455,0.26463538918953455
deepsynth,pixiu,0.2621477775318046,0.2621477775318046
bigcodebench,sldbench,0.2616310892172961,0.2616310892172961
codepde,mmmlu,-0.2615943990056317,0.2615943990056317
omnimath,swebenchpro,0.2597077973715555,0.2597077973715555
labbench,reasoning-gym,0.2588943623426382,0.2588943623426382
arc-agi-2,strongreject,-0.2580115907996192,0.2580115907996192
labbench,terminal-bench,0.25779967159277506,0.25779967159277506
medagentbench,skillsbench,0.2575612450560122,0.2575612450560122
mlgym,pixiu,0.25641836118096195,0.25641836118096195
mmmlu,pixiu,0.25553293815144545,0.25553293815144545
ineqmath,lawbench,0.2550978537642969,0.2550978537642969
terminal-bench,research-code-bench,0.25499871659707585,0.25499871659707585
research-code-bench,financeagent,-0.25447951321712575,0.25447951321712575
arc-agi-2,mmmlu,0.253737544235149,0.253737544235149
financeagent,scicode,0.25206785129223086,0.25206785129223086
labbench,swebenchpro,0.2510443475261453,0.2510443475261453
deepsynth,financeagent,0.2507035743282254,0.2507035743282254
swebench-verified,bfcl,0.25051334936984315,0.25051334936984315
livecodebench,swtbench,0.2500000374894064,0.2500000374894064
bixbench,reasoning-gym,0.24558065453332162,0.24558065453332162
featurebench-modal,hle,0.24531005075204496,0.24531005075204496
bigcodebench,omnimath,0.24387573787981603,0.24387573787981603
mmau,financeagent,0.24356973278230026,0.24356973278230026
spider2,financeagent,0.2401671862577755,0.2401671862577755
terminal-bench,financeagent,0.23847413167806802,0.23847413167806802
ineqmath,livecodebench,0.23812782486581363,0.23812782486581363
labbench,scicode,0.23759956533859014,0.23759956533859014
swebench-verified,hle,0.23703627875581113,0.23703627875581113
gaia,mlgym,0.23624418286339993,0.23624418286339993
labbench,featurebench-modal,0.23590585659551178,0.23590585659551178
seal0,bfcl,0.23487545364037696,0.23487545364037696
livecodebench,research-code-bench,0.2339085971792726,0.2339085971792726
compilebench,bfcl,0.23269847626361495,0.23269847626361495
aime,gso,0.23264232706602866,0.23264232706602866
compilebench,reasoning-gym,0.23236077398300434,0.23236077398300434
mmmlu,swebench-verified,0.23204517409849354,0.23204517409849354
simpleqa,strongreject,-0.2315270935960591,0.2315270935960591
swe-lancer,pixiu,0.23030574382113517,0.23030574382113517
ineqmath,simpleqa,0.22991652056009593,0.22991652056009593
humanevalfix,pixiu,0.22983760848663126,0.22983760848663126
humanevalfix,medagentbench,0.2291446608513501,0.2291446608513501
algotune,research-code-bench,0.2276089511194093,0.2276089511194093
replicationbench,financeagent,0.22522556880706426,0.22522556880706426
usaco,gso,0.22515957120735713,0.22515957120735713
swebench-verified,research-code-bench,0.22270927014098094,0.22270927014098094
deepsynth,ineqmath,0.22252634668494997,0.22252634668494997
medagentbench,usaco,0.22225263654142605,0.22225263654142605
labbench,gaia2,0.22173521151501918,0.22173521151501918
ineqmath,pixiu,0.2196302879494321,0.2196302879494321
dacode,research-code-bench,0.21914811329985823,0.21914811329985823
financeagent,pixiu,0.2172179469860252,0.2172179469860252
spreadsheetbench,financeagent,0.2171023165603169,0.2171023165603169
reasoning-gym,swtbench,0.21604603458832602,0.21604603458832602
mmmlu,financeagent,-0.21535876889955402,0.21535876889955402
swesmith,swtbench,0.21467692156812118,0.21467692156812118
gpqa-diamond,research-code-bench,0.21281847776146934,0.21281847776146934
reasoning-gym,swebench-verified,0.21185165108751697,0.21185165108751697
featurebench-modal,bfcl,0.21160690636831164,0.21160690636831164
codepde,humanevalfix,0.2112154112776418,0.2112154112776418
bfcl,dacode,0.2094455871780656,0.2094455871780656
medagentbench,mmmlu,0.20885319057409718,0.20885319057409718
reasoning-gym,financeagent,0.2079005250526747,0.2079005250526747
labbench,mmau,0.20744389709906952,0.20744389709906952
reasoning-gym,gso,0.20704053987694418,0.20704053987694418
arc-agi-2,ineqmath,0.2068210319267412,0.2068210319267412
labbench,strongreject,0.20525451559934318,0.20525451559934318
mmmlu,crustbench,0.2047979625753345,0.2047979625753345
ineqmath,swebench-verified,-0.20476320832192718,0.20476320832192718
labbench,swebench-verified,0.2033666366382753,0.2033666366382753
swtbench,pixiu,0.202966838140095,0.202966838140095
swesmith,financeagent,0.20280492394844246,0.20280492394844246
omnimath,financeagent,0.19773638221925574,0.19773638221925574
mmmlu,dacode,0.19695742184260792,0.19695742184260792
sldbench,research-code-bench,0.19665851612964605,0.19665851612964605
strongreject,dacode,-0.19570275261960546,0.19570275261960546
livecodebench,financeagent,0.19567108240251735,0.19567108240251735
codepde,hle,-0.1950291252284202,0.1950291252284202
financeagent,swebenchpro,0.19381147111143152,0.19381147111143152
omnimath,strongreject,-0.1915971004667466,0.1915971004667466
mmmlu,algotune,0.19021537304255046,0.19021537304255046
humanevalfix,ineqmath,0.18979068219424916,0.18979068219424916
scicode,pixiu,0.18911515549741384,0.18911515549741384
ineqmath,mmmlu,0.1885966683753852,0.1885966683753852
ineqmath,swtbench,-0.18841573546473767,0.18841573546473767
mmmlu,reasoning-gym,-0.18774860307513985,0.18774860307513985
reasoning-gym,sldbench,0.18719211822660098,0.18719211822660098
financeagent,hle,0.18610274903912982,0.18610274903912982
humanevalfix,strongreject,-0.1860599761164256,0.1860599761164256
strongreject,gaia,-0.18530176716569635,0.18530176716569635
mmau,gso,0.18422155564319495,0.18422155564319495
codepde,swe-lancer,0.1841180797061144,0.1841180797061144
strongreject,usaco,-0.18393321644807673,0.18393321644807673
aime,pixiu,0.18336619412695862,0.18336619412695862
swe-lancer,financeagent,0.1803842790898207,0.1803842790898207
codepde,terminal-bench,0.17972123004149076,0.17972123004149076
gaia,pixiu,0.1746060789197985,0.1746060789197985
lawbench,mmmlu,0.1729479832706763,0.1729479832706763
labbench,algotune,0.1724137931034483,0.1724137931034483
mmau,sldbench,0.1718664477285167,0.1718664477285167
livecodebench,pixiu,0.1718371819213714,0.1718371819213714
ineqmath,replicationbench,0.16997399912835662,0.16997399912835662
codepde,livecodebench,0.16955351519204864,0.16955351519204864
ineqmath,strongreject,-0.16942657884130877,0.16942657884130877
codepde,medagentbench,0.1673550903597368,0.1673550903597368
bfcl,hle,0.1663081449180666,0.1663081449180666
swesmith,pixiu,0.16497467465614093,0.16497467465614093
codepde,spreadsheetbench,0.16407990674212922,0.16407990674212922
gpqa-diamond,swtbench,0.16210298159225478,0.16210298159225478
bfcl,financeagent,0.16106508004032571,0.16106508004032571
kumo,financeagent,0.16044156188455697,0.16044156188455697
qcircuitbench,research-code-bench,0.1602301280443495,0.1602301280443495
labbench,swtbench,0.16018622336396798,0.16018622336396798
usaco,swebenchpro,0.15922064319027843,0.15922064319027843
simpleqa,bfcl,0.15849986906500962,0.15849986906500962
seal0,pixiu,0.15811216739091044,0.15811216739091044
swesmith,usaco,0.15765704266978006,0.15765704266978006
crustbench,financeagent,0.15596808383651795,0.15596808383651795
reasoning-gym,swebenchpro,0.15446742004103173,0.15446742004103173
gpqa-diamond,labbench,0.15435139573070608,0.15435139573070608
gaia,financeagent,0.15390821502632793,0.15390821502632793
sldbench,bfcl,0.15247742153576918,0.15247742153576918
compilebench,strongreject,-0.15234975275300758,0.15234975275300758
omnimath,pixiu,0.1522312433349501,0.1522312433349501
bigcodebench,ineqmath,0.15218283979930158,0.15218283979930158
mmmlu,qcircuitbench,0.15129522466784992,0.15129522466784992
reasoning-gym,research-code-bench,-0.15119150543671953,0.15119150543671953
mmau,swtbench,0.15115007743061593,0.15115007743061593
lawbench,research-code-bench,0.1481786312341762,0.1481786312341762
arc-agi-2,codepde,0.147415544314532,0.147415544314532
mlgym,research-code-bench,0.14710317105252985,0.14710317105252985
kumo,labbench,0.14709166253451936,0.14709166253451936
aime,codepde,0.14537084203661868,0.14537084203661868
mmau,mmmlu,0.1452653425252907,0.1452653425252907
bigcodebench,labbench,-0.1444991789819376,0.1444991789819376
ineqmath,financeagent,0.1437156180047168,0.1437156180047168
codepde,ineqmath,0.14291717170168708,0.14291717170168708
bixbench,codepde,-0.14256275506040736,0.14256275506040736
arc-agi-2,financeagent,0.13973424172643778,0.13973424172643778
ineqmath,spider2,0.1396877777376854,0.1396877777376854
research-code-bench,swtbench,0.13812003807227696,0.13812003807227696
codepde,swebenchpro,-0.13721941986977,0.13721941986977
codepde,deepsynth,0.13382911166698166,0.13382911166698166
ineqmath,usaco,0.1322200930741856,0.1322200930741856
labbench,spreadsheetbench,0.13138086889148337,0.13138086889148337
codepde,gaia2,0.1305907862474195,0.1305907862474195
mmmlu,swtbench,0.12834230510783018,0.12834230510783018
labbench,sldbench,0.12807881773399016,0.12807881773399016
ineqmath,crustbench,0.1278576329570675,0.1278576329570675
strongreject,featurebench-modal,-0.12698412698412698,0.12698412698412698
bfcl,swtbench,0.12585593460307234,0.12585593460307234
mmau,research-code-bench,0.1257190235424896,0.1257190235424896
medagentbench,dacode,0.12508553559043314,0.12508553559043314
medagentbench,mlgym,0.12508553559043314,0.12508553559043314
codepde,algotune,0.12421100302561748,0.12421100302561748
codepde,seal0,-0.12256218440138361,0.12256218440138361
aime,labbench,0.12205801860974275,0.12205801860974275
ineqmath,research-code-bench,0.12190113802304614,0.12190113802304614
codepde,dacode,0.12065507380200122,0.12065507380200122
ineqmath,terminal-bench,0.11824278200233504,0.11824278200233504
sldbench,financeagent,0.11719882539734112,0.11719882539734112
codepde,lawbench,0.1167913192165651,0.1167913192165651
codepde,swtbench,0.1167178201167031,0.1167178201167031
codepde,pixiu,-0.11645541807955366,0.11645541807955366
strongreject,skillsbench,-0.11577939071061973,0.11577939071061973
labbench,medagentbench,0.11384783798576902,0.11384783798576902
medagentbench,research-code-bench,0.11175024314887964,0.11175024314887964
humanevalfix,financeagent,0.10781264190331694,0.10781264190331694
codepde,strongreject,0.1074480136792399,0.1074480136792399
labbench,pixiu,-0.10513361130333107,0.10513361130333107
aider-polyglot,ineqmath,0.10510469511318671,0.10510469511318671
crustbench,pixiu,0.10310307948270923,0.10310307948270923
mmmlu,mlgym,0.10265908765491534,0.10265908765491534
codepde,labbench,-0.10112754228634344,0.10112754228634344
codepde,gpqa-diamond,0.10112754228634344,0.10112754228634344
labbench,financeagent,-0.09783554120125867,0.09783554120125867
ineqmath,swebenchpro,0.09603342989623435,0.09603342989623435
codepde,bfcl,0.09579510184890494,0.09579510184890494
bixbench,financeagent,0.09185919052587613,0.09185919052587613
bigcodebench,usaco,0.08895579664527521,0.08895579664527521
strongreject,research-code-bench,0.08874284014763972,0.08874284014763972
mmmlu,usaco,0.08497814999472297,0.08497814999472297
labbench,swesmith,0.08264915161466886,0.08264915161466886
mmau,strongreject,-0.08264915161466886,0.08264915161466886
codepde,featurebench-modal,0.08079211258745915,0.08079211258745915
labbench,lawbench,0.07772304324028462,0.07772304324028462
dacode,pixiu,-0.07673333185233283,0.07673333185233283
labbench,mlgym,0.07554399961260294,0.07554399961260294
codepde,mlgym,0.0742069929989529,0.0742069929989529
bigcodebench,research-code-bench,0.0736784691349231,0.0736784691349231
mlgym,financeagent,0.07338669855560008,0.07338669855560008
ineqmath,featurebench-modal,0.07308060832088763,0.07308060832088763
bigcodebench,financeagent,0.07235753568009756,0.07235753568009756
gaia2,financeagent,0.07144603707568144,0.07144603707568144
aime,swtbench,0.06872947361428369,0.06872947361428369
mmmlu,strongreject,-0.06605461801621709,0.06605461801621709
ineqmath,swesmith,0.06541672430221777,0.06541672430221777
labbench,bfcl,-0.06022447529240435,0.06022447529240435
codepde,gso,-0.06007739496560853,0.06007739496560853
usaco,pixiu,0.05984925346622024,0.05984925346622024
gaia,swtbench,0.05887991733273052,0.05887991733273052
codepde,kumo,0.056213886367435004,0.056213886367435004
mmmlu,scicode,0.05544119717361284,0.05544119717361284
codepde,omnimath,0.05345651903072719,0.05345651903072719
usaco,bfcl,0.052977413227393064,0.052977413227393064
mmmlu,bfcl,0.052775914050538004,0.052775914050538004
reasoning-gym,strongreject,-0.04324028461959496,0.04324028461959496
bfcl,research-code-bench,0.042602746121636226,0.042602746121636226
strongreject,swtbench,-0.03888280977381787,0.03888280977381787
ineqmath,spreadsheetbench,0.038461538461538464,0.038461538461538464
compilebench,ineqmath,0.0380926510040141,0.0380926510040141
ineqmath,gaia2,0.037828982900876676,0.037828982900876676
bigcodebench,mmmlu,-0.03535703619955188,0.03535703619955188
bfcl,mlgym,-0.027378508127851715,0.027378508127851715
bfcl,pixiu,0.026496530412999843,0.026496530412999843
skillsbench,financeagent,-0.025481492554027804,0.025481492554027804
codepde,spider2,0.024199235497728615,0.024199235497728615
codepde,skillsbench,0.023636301473740556,0.023636301473740556
codepde,financeagent,-0.023024919147370874,0.023024919147370874
codepde,sldbench,0.02253385453119609,0.02253385453119609
codepde,swesmith,0.02253385453119609,0.02253385453119609
usaco,research-code-bench,-0.02246268161323547,0.02246268161323547
codepde,swebench-verified,-0.022262097899685872,0.022262097899685872
ineqmath,gso,-0.021708833812328625,0.021708833812328625
ineqmath,swe-lancer,-0.02052826076429428,0.02052826076429428
codepde,replicationbench,0.0200606265948453,0.0200606265948453
strongreject,crustbench,0.019436080662548677,0.019436080662548677
ineqmath,skillsbench,0.019436079934300576,0.019436079934300576
bixbench,ineqmath,0.018229183789190574,0.018229183789190574
aider-polyglot,codepde,-0.01758739865849451,0.01758739865849451
reasoning-gym,pixiu,0.01729351830838083,0.01729351830838083
codepde,gaia,0.017177544675683543,0.017177544675683543
research-code-bench,scicode,-0.015770709997522243,0.015770709997522243
omnimath,swtbench,-0.015473094554880346,0.015473094554880346
ineqmath,mlgym,0.013139885026006022,0.013139885026006022
compilebench,financeagent,0.01224453141919058,0.01224453141919058
simpleqa,swtbench,0.011500549369720777,0.011500549369720777
financeagent,gso,-0.010362783325858637,0.010362783325858637
swtbench,financeagent,-0.009686945654778642,0.009686945654778642
medagentbench,swtbench,-0.007667032913147185,0.007667032913147185
mmau,pixiu,0.0043920046497475124,0.0043920046497475124
ineqmath,dacode,-0.0032849712565015056,0.0032849712565015056
dacode,financeagent,-0.0030577791064833365,0.0030577791064833365
swtbench,hle,0.0030472784814124273,0.0030472784814124273
aider-polyglot,swegym,,
aime,swegym,,
arc-agi-2,swegym,,
bigcodebench,swegym,,
bixbench,swegym,,
codepde,swegym,,
compilebench,swegym,,
deepsynth,swegym,,
gpqa-diamond,swegym,,
humanevalfix,swegym,,
ineqmath,swegym,,
kumo,swegym,,
labbench,swegym,,
lawbench,swegym,,
livecodebench,swegym,,
medagentbench,swegym,,
mmau,swegym,,
mmmlu,swegym,,
omnimath,swegym,,
qcircuitbench,swegym,,
reasoning-gym,swegym,,
replicationbench,swegym,,
seal0,swegym,,
simpleqa,swegym,,
sldbench,swegym,,
spreadsheetbench,swegym,,
strongreject,swegym,,
swe-lancer,swegym,,
swebench-verified,swegym,,
swesmith,swegym,,
terminal-bench,swegym,,
usaco,swegym,,
algotune,swegym,,
featurebench-modal,swegym,,
spider2,swegym,,
bfcl,swegym,,
crustbench,swegym,,
dacode,swegym,,
gaia,swegym,,
mlgym,swegym,,
research-code-bench,swegym,,
skillsbench,swegym,,
swtbench,swegym,,
gaia2,swegym,,
financeagent,swegym,,
scicode,swegym,,
pixiu,swegym,,
gso,swegym,,
hle,swegym,,
swebenchpro,swegym,,
